Top pages,Clicks,Impressions,CTR,Position
https://ataviaweddings.com/,128,449,28.51%,4.11
https://www.ataviaweddings.com/,51,351,14.53%,5.5
https://ataviaweddings.com/about,8,336,2.38%,5.22
https://ataviaweddings.com/phoenix-wedding-videographer,3,373,0.8%,35.64
https://ataviaweddings.com/boston-wedding-videographer,2,381,0.52%,47.55
https://www.ataviaweddings.com/packages,2,178,1.12%,36.98
https://ataviaweddings.com/venues/florida/key-largo/largo-resort,2,107,1.87%,44.38
https://ataviaweddings.com/blog/wedding-photography-investment-benefits-a-couples-guide,2,91,2.2%,14.45
https://ataviaweddings.com/blog/wedding-highlight-reel-best-practices-for-2026,2,29,6.9%,12.83
https://www.ataviaweddings.com/venues/tennessee/memphis/swaghouse-party-room,2,29,6.9%,30.55
https://www.ataviaweddings.com/venues/south-carolina/mount-pleasant/destination-gold-bug,2,22,9.09%,38.05
https://ataviaweddings.com/venues/illinois/homer/salt-fork-center,2,10,20%,9
https://www.ataviaweddings.com/venues/kentucky/lexington/lost-palm,2,7,28.57%,30.71
https://ataviaweddings.com/venues/washington/bainbridge-island/heyday-farm,2,6,33.33%,15.17
https://ataviaweddings.com/venues/california/orange/casa-de-lago,2,4,50%,6.5
https://ataviaweddings.com/venues/indiana/new-buffalo/petite-acres,2,2,100%,1.5
https://ataviaweddings.com/venues/,1,1075,0.09%,58.57
https://ataviaweddings.com/miami-wedding-videographer,1,448,0.22%,58.93
https://ataviaweddings.com/las-vegas-wedding-videographer,1,416,0.24%,55.32
https://ataviaweddings.com/gallery,1,135,0.74%,3.42
https://ataviaweddings.com/dallas-wedding-videographer,1,133,0.75%,50.41
https://www.ataviaweddings.com/venues/tennessee/strawberry-plains/meadow-mint-farm,1,114,0.88%,7.2
https://ataviaweddings.com/blog/cinematic-wedding-film-editing-workflow-a-pro-guide,1,107,0.93%,9.55
https://ataviaweddings.com/venues/ohio/scio/,1,86,1.16%,13.43
https://ataviaweddings.com/book/,1,80,1.25%,5.62
https://ataviaweddings.com/venues/georgia/appling/byrd-plantation,1,62,1.61%,27.84
https://ataviaweddings.com/blog/wedding-day-timeline-for-photographers-a-pro-guide,1,61,1.64%,14.51
https://ataviaweddings.com/faqs,1,53,1.89%,9.51
https://ataviaweddings.com/venues/illinois/plainfield/ashraf-farmhouse,1,51,1.96%,11.2
https://www.ataviaweddings.com/venues/new-mexico/las-cruces/dickersons-catering-and-party,1,50,2%,45.94
https://ataviaweddings.com/venues/utah/salt-lake-city/the-devereaux-mansion,1,47,2.13%,49.79
https://ataviaweddings.com/venues/north-carolina/huntersville/the-ivory-barn,1,39,2.56%,22.13
https://ataviaweddings.com/venues/colorado/lake-george/idlewild-ridge,1,38,2.63%,8.34
https://ataviaweddings.com/venues/north-carolina/winston-salem/statler-heights,1,38,2.63%,39.37
https://ataviaweddings.com/venues/massachusetts/plymouth/cold-spring-chapel,1,38,2.63%,50.63
https://ataviaweddings.com/venues/michigan/lansing/michigan-wildlife-conservancy-bengel-wildlife,1,36,2.78%,32.75
https://ataviaweddings.com/venues/ohio/columbus/the-garden-villa-columbus,1,36,2.78%,52.75
https://www.ataviaweddings.com/venues/minnesota/orono/woods-retreat,1,34,2.94%,11.44
https://ataviaweddings.com/venues/california/bakersfield/junior-league-of-bakersfield,1,34,2.94%,42.88
https://www.ataviaweddings.com/venues/georgia/macon/jontes-place,1,33,3.03%,28.24
https://www.ataviaweddings.com/venues/tennessee/milan/k-and-m-barn-at-lewis-farm,1,28,3.57%,10.25
https://ataviaweddings.com/venues/illinois/rockford/verdi-club,1,26,3.85%,30.12
https://ataviaweddings.com/guides/,1,25,4%,6.96
https://www.ataviaweddings.com/blog,1,19,5.26%,12.32
https://ataviaweddings.com/venues/idaho/wilder/,1,14,7.14%,20.43
https://ataviaweddings.com/venues/virginia/roanoke/l-h-hamlar-event-center,1,12,8.33%,15.75
https://ataviaweddings.com/venues/california/san-gabriel/grapevine-arbor,1,11,9.09%,16.36
https://ataviaweddings.com/venues/ohio/marion/the-brickyard-on-main,1,9,11.11%,23.67
https://ataviaweddings.com/venues/wisconsin/milwaukee/northern-lights-event-venue-menomonee-valleys-ultramodern-space,1,8,12.5%,18
https://ataviaweddings.com/venues/indiana/south-bend/the-oliver-inn-bed-and-breakfast,1,8,12.5%,21.25
https://ataviaweddings.com/venues/florida/st-augustine/amore-wedding-chapel,1,7,14.29%,15.86
https://ataviaweddings.com/venues/north-carolina/raleigh/market-hall,1,7,14.29%,16.29
https://ataviaweddings.com/venues/washington/bellingham/squalicum-boathouse,1,5,20%,7.6
https://ataviaweddings.com/venues/california/lakewood/the-centre-event-venue,1,5,20%,25
https://www.ataviaweddings.com/venues/ohio/tiffin/the-barn-at-seneca-hills,1,5,20%,27.6
https://ataviaweddings.com/venues/alabama/rainbow-city/evergreen-venue,1,4,25%,4.5
https://www.ataviaweddings.com/venues/california/fairfield/the-barn-at-green-valley,1,4,25%,8
https://ataviaweddings.com/venues/new-york/kent/the-lakeland-at-point-breeze,1,4,25%,8.25
https://www.ataviaweddings.com/venues/arizona/phoenix/the-oasis-at-2828,1,3,33.33%,3.67
https://ataviaweddings.com/venues/idaho/firth/,1,2,50%,5
https://ataviaweddings.com/venues/arkansas/bryant/the-hill-barn-event-center,1,2,50%,6
https://www.ataviaweddings.com/venues/washington/orting/monarch-meadows-venue,1,2,50%,6.5
https://ataviaweddings.com/venues/montana/missoula/the-florence-building,1,2,50%,8.5
https://www.ataviaweddings.com/venues/california/san-gabriel/grapevine-arbor,1,2,50%,11.5
https://ataviaweddings.com/venues/mississippi/petal/the-venue-at-roseoak,1,1,100%,1
https://www.ataviaweddings.com/venues/ohio/cleveland/the-ritz-carlton-cleveland,1,1,100%,1
https://www.ataviaweddings.com/venues/virginia/richmond/maymont,1,1,100%,3
https://ataviaweddings.com/denver-wedding-videographer,0,775,0%,58.57
https://ataviaweddings.com/venues/missouri/branson/,0,243,0%,50.44
https://www.ataviaweddings.com/venues/missouri/branson/,0,223,0%,55.13
https://ataviaweddings.com/packages,0,180,0%,42.97
https://ataviaweddings.com/new-york-wedding-videographer,0,174,0%,33.13
https://ataviaweddings.com/films,0,145,0%,1.9
https://www.ataviaweddings.com/venues/utah/tremonton/the-timbered-rose,0,141,0%,9.48
https://ataviaweddings.com/venues/missouri/nixa/cassidy-station-events,0,116,0%,25.09
https://ataviaweddings.com/blog/,0,110,0%,8.91
https://ataviaweddings.com/venues/florida/folkston/daughters-barn-at-cedar-ridge,0,106,0%,14.75
https://www.ataviaweddings.com/venues/massachusetts/plymouth/the-pavilion-at-pinehills,0,106,0%,58.52
https://ataviaweddings.com/venues/texas/hurst/hidden-pines-chapel-hurst,0,100,0%,21.51
https://www.ataviaweddings.com/venues/alaska/soldotna/lakeside-falls,0,96,0%,9.14
https://www.ataviaweddings.com/venues/illinois/fisher/the-feed-mill-on-front,0,94,0%,7.23
https://ataviaweddings.com/venues/michigan/charlevoix/shanahans-barn,0,91,0%,47.58
https://ataviaweddings.com/venues/alaska/soldotna/lakeside-falls,0,87,0%,15.43
https://www.ataviaweddings.com/venues/nevada/las-vegas/the-wedding-salons-at-wynn-las-vegas,0,80,0%,31.2
https://ataviaweddings.com/venues/ohio/sandusky/the-oak-at-millsite-farm,0,75,0%,37.52
https://ataviaweddings.com/venues/wyoming/cheyenne/the-louise-event-venue,0,72,0%,35.17
https://ataviaweddings.com/venues/washington/tacoma/titlow-lodge,0,72,0%,57.85
https://ataviaweddings.com/venues/wisconsin/,0,65,0%,48.46
https://www.ataviaweddings.com/venues/arizona/tucson/el-mezquite-sal-n-de-eventos,0,62,0%,12.48
https://ataviaweddings.com/venues/alabama/childersburg/4t-vineyards,0,59,0%,9.83
https://ataviaweddings.com/venues/indiana/bloomington/monroe-county-fairgrounds,0,58,0%,15.67
https://ataviaweddings.com/venues/utah/tremonton/the-timbered-rose,0,57,0%,7.25
https://ataviaweddings.com/venues/florida/loxahatchee-groves/southern-palm-bed-and-breakfast,0,57,0%,35.53
https://ataviaweddings.com/blog/photojournalistic-wedding-style-explained-for-couples,0,55,0%,44.18
https://www.ataviaweddings.com/venues/arizona/tucson/tanque-verde-ranch,0,55,0%,48.15
https://ataviaweddings.com/venues/georgia/augusta/,0,55,0%,59.16
https://ataviaweddings.com/minneapolis-wedding-videographer,0,55,0%,71.93
https://ataviaweddings.com/venues/california/petaluma/garden-valley-ranch,0,53,0%,35.79
https://www.ataviaweddings.com/venues/kansas/lawrence/abe-and-jakes-landing,0,53,0%,38.17
https://ataviaweddings.com/venues/california/bakersfield/enlace-ceremonies,0,53,0%,57.47
https://ataviaweddings.com/venues/california/bakersfield/coconut-joes-private-beach-club,0,51,0%,41.69
https://ataviaweddings.com/venues/georgia/columbus/the-bibb-mill-event-center,0,51,0%,59.78
https://ataviaweddings.com/venues/tennessee/strawberry-plains/meadow-mint-farm,0,50,0%,7.82
https://www.ataviaweddings.com/venues/north-carolina/winston-salem/statler-heights,0,49,0%,11.73
https://ataviaweddings.com/venues/pennsylvania/new-cumberland/the-event-cafe,0,49,0%,36.92
https://www.ataviaweddings.com/venues/california/benicia/jefferson-street-mansion-by-wedgewood-weddings,0,48,0%,28.88
https://ataviaweddings.com/los-angeles-wedding-videographer,0,48,0%,54.69
https://ataviaweddings.com/venues/california/anaheim/the-griffith-house,0,47,0%,20.11
https://www.ataviaweddings.com/venues/florida/loxahatchee-groves/southern-palm-bed-and-breakfast,0,45,0%,8.16
https://ataviaweddings.com/venues/indiana/newburgh/studio-eden,0,45,0%,21.16
https://ataviaweddings.com/venues/missouri/st-louis/st-louis-wedding-chapel,0,45,0%,76.89
https://ataviaweddings.com/blog/what-is-emotional-wedding-photography-a-couples-guide,0,43,0%,26.6
https://www.ataviaweddings.com/venues/indiana/fort-wayne/the-fairfield-wedding-and-events,0,43,0%,48.86
https://ataviaweddings.com/venues/massachusetts/,0,43,0%,55.88
https://www.ataviaweddings.com/venues/california/bakersfield/coconut-joes-private-beach-club,0,43,0%,66.28
https://ataviaweddings.com/venues/missouri/kansas-city/the-century-club,0,42,0%,22.17
https://ataviaweddings.com/venues/michigan/kalamazoo/cityscape-event-centre,0,42,0%,44.05
https://ataviaweddings.com/venues/louisiana/new-orleans/the-venetian-venue,0,41,0%,5.39
https://ataviaweddings.com/venues/ohio/leipsic/brush-creek-barn,0,41,0%,6.44
https://ataviaweddings.com/venues/california/malibu/the-malibu-dream-resort,0,41,0%,35.1
https://www.ataviaweddings.com/venues/texas/round-rock/the-rabb-house,0,40,0%,13.07
https://ataviaweddings.com/venues/kansas/lawrence/abe-and-jakes-landing,0,40,0%,18.23
https://ataviaweddings.com/venues/south-carolina/buffalo/rogers-farm,0,39,0%,8.38
https://ataviaweddings.com/venues/ohio/upper-arlington/,0,39,0%,17.1
https://ataviaweddings.com/venues/iowa/des-moines/des-moines-heritage-center,0,39,0%,58.95
https://ataviaweddings.com/venues/texas/lubbock/retreat-at-rhodes,0,38,0%,23.66
https://ataviaweddings.com/venues/illinois/fisher/the-feed-mill-on-front,0,37,0%,7.11
https://ataviaweddings.com/blog/how-to-coordinate-photographer-videographer-on-wedding-day,0,37,0%,9.62
https://ataviaweddings.com/venues/texas/el-paso/sweet-events-party-hall,0,36,0%,18.25
https://www.ataviaweddings.com/venues/idaho/nampa/the-white-barn-at-happy-valley,0,36,0%,41
https://ataviaweddings.com/venues/connecticut/west-haven/west-river-hall,0,35,0%,16.29
https://ataviaweddings.com/venues/georgia/augusta/snelling-conference-center,0,35,0%,28.06
https://ataviaweddings.com/venues/georgia/marietta/reyes-event-hall,0,35,0%,40.83
https://ataviaweddings.com/venues/arizona/scottsdale/clayton-house-by-wedgewood-weddings,0,35,0%,46.77
https://ataviaweddings.com/venues/florida/hollywood/glorious-banquet-hall,0,35,0%,46.8
https://www.ataviaweddings.com/venues/florida/fort-lauderdale/blush-luxury-venue,0,35,0%,67.83
https://www.ataviaweddings.com/venues/california/thermal/cavallo-ranch,0,34,0%,7.82
https://www.ataviaweddings.com/venues/delaware/laurel/chickberry-farm,0,34,0%,8.62
https://ataviaweddings.com/venues/georgia/augusta/phinizy-house-events-center,0,34,0%,20.41
https://ataviaweddings.com/venues/alabama/montgomery/the-c-o-d-center,0,34,0%,33.35
https://ataviaweddings.com/venues/minnesota/rochester/lcs-venue,0,34,0%,55.09
https://ataviaweddings.com/blog/wedding-photo-video-storytelling-examples-that-inspire,0,33,0%,11.94
https://ataviaweddings.com/venues/california/redlands/the-grove-redlands,0,33,0%,23.15
https://ataviaweddings.com/venues/wisconsin/shorewood/the-atrium-by-camp-bar,0,33,0%,23.82
https://ataviaweddings.com/venues/pennsylvania/harrisburg/greystone-public-house,0,33,0%,26.76
https://www.ataviaweddings.com/venues/illinois/rockford/verdi-club,0,33,0%,42.82
https://www.ataviaweddings.com/venues/idaho/nampa/rustic-daisy-event-barn,0,33,0%,42.97
https://ataviaweddings.com/venues/connecticut/preston/sweet-hill-and-co-sweethillfarmct-weddings,0,32,0%,6
https://www.ataviaweddings.com/films,0,32,0%,7.88
https://ataviaweddings.com/venues/oregon/aurora/langdon-farms-golf-club-weddings,0,32,0%,58.34
https://ataviaweddings.com/venues/georgia/savannah/venues-by-eco,0,31,0%,7.58
https://ataviaweddings.com/venues/kentucky/bowling-green/whitestone-barn,0,31,0%,9.42
https://ataviaweddings.com/venues/ohio/findlay/,0,31,0%,15.42
https://ataviaweddings.com/venues/arizona/tucson/tanque-verde-ranch,0,31,0%,22.03
https://ataviaweddings.com/venues/georgia/augusta/julian-smith-casino,0,31,0%,27.48
https://www.ataviaweddings.com/venues/texas/dripping-springs/canyonwood-ridge,0,31,0%,35.68
https://ataviaweddings.com/venues/florida/fort-myers/oxbow-bar-and-grill,0,31,0%,49.87
https://ataviaweddings.com/venues/connecticut/bayville/soundview-caterers-waterfront-wedding-venue-long-island,0,31,0%,51.97
https://www.ataviaweddings.com/venues/michigan/ypsilanti/the-ypsilanti-performance-space-the-ypsi,0,30,0%,8.9
https://ataviaweddings.com/venues/kansas/overland-park/game-show-battle-rooms-kansas-city-overland-park,0,30,0%,33.83
https://ataviaweddings.com/venues/arizona/scottsdale/sands-event-venue,0,29,0%,21.76
https://www.ataviaweddings.com/venues/texas/royse-city/,0,28,0%,24.75
https://www.ataviaweddings.com/venues/georgia/appling/byrd-plantation,0,27,0%,10.22
https://ataviaweddings.com/venues/georgia/barnesville/,0,27,0%,16.19
https://ataviaweddings.com/venues/texas/round-rock/the-rabb-house,0,27,0%,24.63
https://ataviaweddings.com/venues/new-york/buffalo/larkin-square,0,27,0%,59.11
https://ataviaweddings.com/venues/new-york/woodbury/the-fox-hollow,0,26,0%,19.31
https://ataviaweddings.com/venues/florida/dade-city/the-wallace-ranch,0,26,0%,21.27
https://ataviaweddings.com/venues/north-carolina/highlands/the-farm-at-old-edwards,0,26,0%,39.73
https://ataviaweddings.com/venues/georgia/columbus/heritage-art-center,0,26,0%,64.54
https://ataviaweddings.com/venues/pennsylvania/newport/barn-at-little-buffalo,0,25,0%,9
https://ataviaweddings.com/venues/new-york/pattersonville/,0,25,0%,19.24
https://ataviaweddings.com/venues/georgia/monroe/,0,25,0%,42.4
https://www.ataviaweddings.com/venues/florida/fort-myers/oxbow-bar-and-grill,0,25,0%,50.6
https://www.ataviaweddings.com/venues/kentucky/bowling-green/whitestone-barn,0,24,0%,12.08
https://www.ataviaweddings.com/venues/north-carolina/kernersville/willstella-farm,0,24,0%,30
https://www.ataviaweddings.com/venues/maryland/rockville/bethesda-north-marriott-hotel-and-conference-center,0,24,0%,41.17
https://ataviaweddings.com/venues/wisconsin/neenah/the-ballroom-at-the-reserve,0,24,0%,51.12
https://www.ataviaweddings.com/post/photojournalistic-wedding-style-explained-for-couples,0,24,0%,59.33
https://www.ataviaweddings.com/venues/ohio/painesville/sugar-lake-weddings,0,23,0%,6.35
https://ataviaweddings.com/venues/arkansas/benton/,0,23,0%,24.7
https://ataviaweddings.com/venues/pennsylvania/indiana/,0,23,0%,25.96
https://www.ataviaweddings.com/venues/california/exeter/,0,23,0%,28.65
https://www.ataviaweddings.com/venues/alaska/anchorage/the-nave,0,23,0%,34.48
https://ataviaweddings.com/venues/oklahoma/oklahoma-city/the-venue-at-forest-lake,0,23,0%,42
https://ataviaweddings.com/venues/texas/tyler/good-times-event-center,0,22,0%,18.41
https://www.ataviaweddings.com/venues/colorado/elbert/white-willow-barn,0,22,0%,18.64
https://ataviaweddings.com/venues/texas/royse-city/,0,22,0%,21.14
https://www.ataviaweddings.com/venues/california/foresthill/,0,22,0%,29
https://ataviaweddings.com/venues/arizona/mesa/the-sunkist-warehouse,0,22,0%,29.77
https://ataviaweddings.com/venues/colorado/durango/the-benchmark-event-and-wedding-venue-at-cascade-village,0,22,0%,40.73
https://ataviaweddings.com/venues/indiana/fort-wayne/blue-apple,0,22,0%,40.95
https://www.ataviaweddings.com/venues/arizona/phoenix/the-farm-at-south-mountain,0,22,0%,45.05
https://ataviaweddings.com/venues/texas/new-braunfels/gruene-hall,0,22,0%,47.55
https://ataviaweddings.com/venues/new-jersey/franklin-township/the-palace-at-somerset-park,0,22,0%,54.45
https://www.ataviaweddings.com/post/cinematic-wedding-film-editing-workflow-a-pro-guide,0,21,0%,8.29
https://ataviaweddings.com/venues/florida/davie/the-bamboo-gallery,0,21,0%,22.43
https://www.ataviaweddings.com/venues/north-carolina/huntersville/the-ivory-barn,0,21,0%,32.81
https://ataviaweddings.com/venues/alabama/montgomery/montgomery-zoo-and-mann-wildlife-learning-museum,0,21,0%,36.43
https://www.ataviaweddings.com/venues/virginia/chesterfield/,0,21,0%,40.19
https://ataviaweddings.com/venues/new-jersey/hazlet/the-gramercy-at-lakeside-manor,0,21,0%,40.62
https://www.ataviaweddings.com/venues/arkansas/rogers/the-club-house-event-venue-beaver-lake,0,21,0%,42.1
https://ataviaweddings.com/venues/georgia/cumming/west-milford-farm,0,21,0%,43.38
https://ataviaweddings.com/venues/california/benicia/jefferson-street-mansion-by-wedgewood-weddings,0,21,0%,49.67
https://ataviaweddings.com/venues/georgia/sandy-springs/the-four-event-center,0,21,0%,50.14
https://ataviaweddings.com/post/wedding-photo-video-storytelling-examples-that-inspire,0,20,0%,7.7
https://ataviaweddings.com/venues/florida/tampa/the-oaks-at-st-marks-event-venue,0,20,0%,8.2
https://ataviaweddings.com/venues/louisiana/greenwood/cedarcroft-plantation,0,20,0%,9.1
https://www.ataviaweddings.com/venues/colorado/lake-george/idlewild-ridge,0,20,0%,9.2
https://www.ataviaweddings.com/post/wedding-photography-investment-benefits-a-couples-guide,0,20,0%,10
https://ataviaweddings.com/blog/how-professional-editing-elevates-your-wedding-images,0,20,0%,10.85
https://ataviaweddings.com/venues/florida/miami/media-luna-ranch-wedding-venue,0,20,0%,14.75
https://ataviaweddings.com/venues/florida/dade-city/smokehouse-creek-ranch,0,20,0%,33.5
https://ataviaweddings.com/venues/michigan/troy/san-marino-club,0,20,0%,33.7
https://www.ataviaweddings.com/venues/north-carolina/greensboro/the-oak-branch-conference-and-event-center,0,20,0%,35.5
https://ataviaweddings.com/venues/kansas/wichita/the-white-building,0,20,0%,45.4
https://ataviaweddings.com/contact,0,19,0%,3.53
https://www.ataviaweddings.com/venues/minnesota/mazeppa/steeplechase-event-center,0,19,0%,8.95
https://ataviaweddings.com/venues/louisiana/maurice/woodlawn-chapel-acadiana,0,19,0%,11.63
https://ataviaweddings.com/venues/nevada/las-vegas/a-simple-affair-events,0,19,0%,11.79
https://ataviaweddings.com/blog/what-is-a-wedding-photo-narrative-a-couples-guide,0,19,0%,13
https://ataviaweddings.com/venues/new-hampshire/gilford/birch-hill-farm,0,19,0%,13.89
https://ataviaweddings.com/venues/california/fairfield/the-barn-at-green-valley,0,19,0%,16.26
https://ataviaweddings.com/venues/new-mexico/las-cruces/dickersons-catering-and-party,0,19,0%,18.32
https://ataviaweddings.com/blog/the-role-of-second-photographer-weddings-full-guide,0,19,0%,25.32
https://ataviaweddings.com/venues/texas/rockwall/,0,19,0%,31.26
https://ataviaweddings.com/venues/florida/fort-lauderdale/broward-center-for-the-performing-arts,0,19,0%,44.21
https://ataviaweddings.com/venues/florida/lake-mary/,0,19,0%,46.47
https://www.ataviaweddings.com/venues/delaware/wilmington/the-delaware-center-for-horticulture,0,19,0%,50.37
https://ataviaweddings.com/venues/new-york/brooklyn/brooklyn-bank-venue-event-space,0,19,0%,52.11
https://ataviaweddings.com/venues/california/escondido/,0,19,0%,52.32
https://ataviaweddings.com/venues/virginia/virginia-beach/the-lesner-inn,0,19,0%,54.26
https://www.ataviaweddings.com/venues/louisiana/new-orleans/the-jaxson-on-the-river,0,19,0%,56.63
https://ataviaweddings.com/venues/new-york/woodbury/,0,19,0%,61.63
https://ataviaweddings.com/venues/florida/bushnell/the-red-barn-at-bushnell,0,18,0%,6.78
https://ataviaweddings.com/venues/kentucky/guston/the-venue-at-roberts-family-farm,0,18,0%,7.89
https://www.ataviaweddings.com/post/wedding-day-timeline-for-photographers-a-pro-guide,0,18,0%,16.44
https://www.ataviaweddings.com/venues/colorado/grand-junction/grand-valley-oasis-venue,0,18,0%,22.56
https://ataviaweddings.com/venues/new-york/yonkers/the-fairways-at-dunwoodie-golf-course,0,18,0%,25
https://ataviaweddings.com/venues/florida/dade-city/the-edison-barn,0,18,0%,33.61
https://ataviaweddings.com/venues/connecticut/milford/,0,18,0%,45.72
https://www.ataviaweddings.com/venues/utah/washington-terrace/the-river-view-ranch,0,18,0%,45.83
https://ataviaweddings.com/venues/california/long-beach/recreation-park-golf-course-18,0,18,0%,45.89
https://ataviaweddings.com/venues/iowa/iowa-city/the-highlander-hotel,0,18,0%,55.33
https://www.ataviaweddings.com/post/genuine-emotion-in-wedding-photos-a-couples-guide,0,17,0%,5.94
https://ataviaweddings.com/venues/idaho/filer/apple-barn,0,17,0%,7.71
https://ataviaweddings.com/venues/florida/pomona-park/fern-oak-estate-wedding-venue-and-luxury-vacation-rental,0,17,0%,7.88
https://ataviaweddings.com/venues/north-carolina/greensboro/xiv-visions-event-venue,0,17,0%,10.06
https://ataviaweddings.com/venues/vermont/winooski/waterworks-food-drink,0,17,0%,13.29
https://ataviaweddings.com/venues/florida/chipley/southern-lea-farms,0,17,0%,22.88
https://ataviaweddings.com/venues/georgia/thomson/the-ashton-cole-place,0,17,0%,26.12
https://ataviaweddings.com/venues/indiana/fort-wayne/the-fairfield-wedding-and-events,0,17,0%,30.59
https://ataviaweddings.com/venues/georgia/atlanta/flourish-atlanta,0,17,0%,33.18
https://ataviaweddings.com/venues/texas/aubrey/red-barn-events,0,17,0%,38.41
https://ataviaweddings.com/venues/maryland/rockville/bethesda-north-marriott-hotel-and-conference-center,0,17,0%,44.12
https://ataviaweddings.com/venues/iowa/cedar-rapids/csps,0,17,0%,45.47
https://ataviaweddings.com/venues/california/rohnert-park/green-music-center-sonoma-state-university,0,17,0%,57.88
https://ataviaweddings.com/venues/arkansas/rogers/the-club-house-event-venue-beaver-lake,0,16,0%,25
https://ataviaweddings.com/venues/missouri/columbia/stoney-creek-hotel-columbia-university-area,0,16,0%,29.56
https://ataviaweddings.com/venues/vermont/benson/the-wedding-barn-at-kingston-place,0,16,0%,30.81
https://ataviaweddings.com/venues/tennessee/memphis/swaghouse-party-room,0,16,0%,33.06
https://ataviaweddings.com/venues/indiana/indianapolis/cinderwood-event-center,0,16,0%,33.88
https://ataviaweddings.com/venues/maine/buxton/flanagan-farm,0,16,0%,39.44
https://ataviaweddings.com/venues/oregon/salem/1230-state-events-and-catering-by-arcane-nw,0,16,0%,39.44
https://ataviaweddings.com/venues/texas/lubbock/centerpointe-event-center,0,16,0%,41.38
https://www.ataviaweddings.com/venues/wyoming/cheyenne/the-louise-event-venue,0,16,0%,42.06
https://ataviaweddings.com/venues/california/fresno/pacific-southwest-building,0,16,0%,44.81
https://ataviaweddings.com/venues/texas/galveston/the-1946-mezzanine,0,15,0%,7.67
https://ataviaweddings.com/venues/michigan/livonia/taylord-garden-event-venue,0,15,0%,10.33
https://www.ataviaweddings.com/venues/florida/hollywood/glorious-banquet-hall,0,15,0%,12.33
https://ataviaweddings.com/venues/georgia/johns-creek/occasions-atlanta,0,15,0%,15.87
https://ataviaweddings.com/venues/texas/trenton/the-farmstead,0,15,0%,17.6
https://ataviaweddings.com/venues/pennsylvania/mount-joy/melhorn-manor,0,15,0%,20.73
https://ataviaweddings.com/venues/michigan/battle-creek/record-box-loft,0,15,0%,21
https://ataviaweddings.com/blog/storytelling-wedding-photography-what-couples-should-know,0,15,0%,21.27
https://ataviaweddings.com/venues/virginia/lansdowne/,0,15,0%,23.67
https://ataviaweddings.com/venues/california/foresthill/,0,15,0%,29.27
https://ataviaweddings.com/venues/utah/washington-terrace/the-river-view-ranch,0,15,0%,45.13
https://ataviaweddings.com/venues/florida/fort-lauderdale/blush-luxury-venue,0,15,0%,52.73
https://www.ataviaweddings.com/venues/florida/st-augustine/the-wedding-authority,0,15,0%,52.73
https://ataviaweddings.com/venues/north-carolina/marshall/longleaf-vineyard-l-asheville-wedding-venue,0,15,0%,56.8
https://www.ataviaweddings.com/venues/virginia/roanoke/charter-hall-at-the-city-market-building,0,15,0%,63.27
https://ataviaweddings.com/venues/alabama/birmingham/the-fennec-spaces,0,15,0%,72.93
https://ataviaweddings.com/venues/colorado/grand-junction/grand-valley-oasis-venue,0,14,0%,11.93
https://ataviaweddings.com/venues/ohio/dennison/glass-on-enchanted-acres,0,14,0%,13.71
https://ataviaweddings.com/venues/hawaii/honolulu/kaimea-estates,0,14,0%,20.14
https://ataviaweddings.com/venues/missouri/st-louis/the-franklin-of-soulard,0,14,0%,20.36
https://www.ataviaweddings.com/venues/texas/tyler/meeting-place,0,14,0%,23.5
https://ataviaweddings.com/venues/alabama/birmingham/the-greenhouse,0,14,0%,30.07
https://ataviaweddings.com/venues/iowa/east-moline/the-bend-event-center,0,14,0%,34.57
https://ataviaweddings.com/venues/florida/jacksonville/san-jose-country-club,0,14,0%,40.93
https://ataviaweddings.com/venues/california/newport-beach/the-pacific-club,0,14,0%,42.29
https://ataviaweddings.com/venues/california/fresno/the-grand-1401,0,14,0%,42.64
https://ataviaweddings.com/venues/wisconsin/green-bay/village-grille-events,0,14,0%,44.79
https://ataviaweddings.com/venues/idaho/nampa/the-white-barn-at-happy-valley,0,14,0%,45.43
https://ataviaweddings.com/venues/illinois/naperville/the-crawford,0,14,0%,46.07
https://www.ataviaweddings.com/venues/north-carolina/youngsville/stonewall-farm,0,14,0%,47.5
https://ataviaweddings.com/venues/nevada/henderson/,0,14,0%,50.93
https://www.ataviaweddings.com/venues/wisconsin/shorewood/the-atrium-by-camp-bar,0,14,0%,55.29
https://ataviaweddings.com/venues/north-carolina/bostic/,0,13,0%,1.62
https://www.ataviaweddings.com/post/how-to-coordinate-photographer-videographer-on-wedding-day,0,13,0%,7.23
https://ataviaweddings.com/venues/alabama/vance/flagstone-farm,0,13,0%,9.23
https://ataviaweddings.com/venues/florida/miami/longans-place-wedding-venue,0,13,0%,12.69
https://www.ataviaweddings.com/venues/florida/dade-city/the-edison-barn,0,13,0%,16
https://www.ataviaweddings.com/venues/florida/miami/the-set,0,13,0%,18.85
https://www.ataviaweddings.com/venues/south-carolina/sellers/magnolia-manor-venue-farm-and-inn,0,13,0%,20.31
https://ataviaweddings.com/venues/texas/tomball/boxwood-manor,0,13,0%,30.08
https://ataviaweddings.com/venues/california/costa-mesa/sunsation-venue,0,13,0%,31.62
https://ataviaweddings.com/venues/south-carolina/fountain-inn/,0,13,0%,32.31
https://ataviaweddings.com/venues/west-virginia/fairview/,0,13,0%,37.31
https://ataviaweddings.com/venues/california/oakland/dunsmuir-hellman-historic-estate,0,13,0%,51.92
https://ataviaweddings.com/venues/wisconsin/green-bay/a-gathering-for-you,0,13,0%,57.15
https://ataviaweddings.com/venues/delaware/wilmington/the-delaware-center-for-horticulture,0,13,0%,57.38
https://www.ataviaweddings.com/venues/tennessee/franklin/liberty-hall,0,13,0%,58.92
https://www.ataviaweddings.com/venues/colorado/colorado-springs/secret-garden,0,13,0%,63.31
https://www.ataviaweddings.com/venues/massachusetts/new-boston/,0,12,0%,1.5
https://ataviaweddings.com/venues/oklahoma/bethany/the-phoenix-the-white-house-at-36-square,0,12,0%,8.08
https://ataviaweddings.com/venues/arizona/dewey-humboldt/the-barn-at-mortimer-farms,0,12,0%,8.58
https://www.ataviaweddings.com/venues/new-york/kent/the-lakeland-at-point-breeze,0,12,0%,9.33
https://ataviaweddings.com/venues/delaware/laurel/chickberry-farm,0,12,0%,10
https://ataviaweddings.com/venues/arkansas/dover/,0,12,0%,10.92
https://ataviaweddings.com/venues/georgia/dawsonville/lilly-creek-farm-events,0,12,0%,16
https://ataviaweddings.com/venues/ohio/cleveland/venues-at-78th-street-studios,0,12,0%,22.58
https://ataviaweddings.com/venues/massachusetts/duxbury/,0,12,0%,26.75
https://ataviaweddings.com/venues/wisconsin/appleton/poplar-hall,0,12,0%,26.83
https://ataviaweddings.com/venues/massachusetts/worcester/darperio-events-musicians,0,12,0%,32.17
https://ataviaweddings.com/venues/florida/st-augustine/lightner-museum-weddings-and-events,0,12,0%,33.58
https://www.ataviaweddings.com/venues/georgia/norcross/,0,12,0%,34.17
https://www.ataviaweddings.com/venues/massachusetts/worcester/darperio-events-musicians,0,12,0%,37.5
https://ataviaweddings.com/venues/minnesota/saint-paul/abulae,0,12,0%,48.67
https://ataviaweddings.com/venues/illinois/bolingbrook/,0,12,0%,50.67
https://www.ataviaweddings.com/venues/south-carolina/charleston/magnolia-plantation-and-gardens,0,12,0%,52.42
https://ataviaweddings.com/venues/florida/tampa/tampa-river-center,0,12,0%,63.58
https://ataviaweddings.com/venues/iowa/cedar-rapids/eastbank-venue,0,12,0%,65.75
https://ataviaweddings.com/venues/florida/st-augustine/colonial-oak-music-park,0,12,0%,71.75
https://ataviaweddings.com/venues/california/santa-barbara/the-mill,0,12,0%,78.75
https://www.ataviaweddings.com/venues/california/san-francisco/,0,12,0%,80.67
https://ataviaweddings.com/venues/ohio/alliance/,0,11,0%,9
https://www.ataviaweddings.com/venues/missouri/nixa/cassidy-station-events,0,11,0%,9.18
https://ataviaweddings.com/venues/texas/tyler/meeting-place,0,11,0%,9.27
https://www.ataviaweddings.com/venues/idaho/firth/,0,11,0%,9.36
https://ataviaweddings.com/venues/arizona/gilbert/the-barn-on-higley,0,11,0%,10.64
https://ataviaweddings.com/venues/connecticut/glastonbury/riverfront-community-center,0,11,0%,13.27
https://www.ataviaweddings.com/venues/missouri/kansas-city/the-century-club,0,11,0%,14.64
https://ataviaweddings.com/venues/arizona/phoenix/the-hidden-palace,0,11,0%,15
https://ataviaweddings.com/venues/florida/brooksville/the-barn-at-oak-creek,0,11,0%,15.18
https://ataviaweddings.com/venues/michigan/ann-arbor/gladwin-center,0,11,0%,15.18
https://www.ataviaweddings.com/venues/georgia/augusta/phinizy-house-events-center,0,11,0%,15.18
https://ataviaweddings.com/venues/california/westport/switzer-farm,0,11,0%,18.73
https://www.ataviaweddings.com/venues/florida/st-augustine/the-venue-in-st-augustine,0,11,0%,22.36
https://ataviaweddings.com/venues/oregon/beaverton/the-butler-barn,0,11,0%,24.73
https://ataviaweddings.com/venues/pennsylvania/harrisburg/the-manor-at-mountain-view,0,11,0%,31.82
https://ataviaweddings.com/venues/wisconsin/green-bay/the-terrace-at-marina-circle,0,11,0%,32.82
https://ataviaweddings.com/venues/virginia/portsmouth/venue-757,0,11,0%,34.64
https://ataviaweddings.com/venues/north-carolina/greensboro/the-oak-branch-conference-and-event-center,0,11,0%,39.27
https://ataviaweddings.com/venues/kentucky/lexington/lost-palm,0,11,0%,44.09
https://ataviaweddings.com/venues/california/south-san-francisco/dominics-at-oyster-point,0,11,0%,53.27
https://ataviaweddings.com/venues/oklahoma/edmond/aspen-ranch,0,11,0%,53.55
https://www.ataviaweddings.com/venues/west-virginia/morgantown/morgantown-elks-lodge-411,0,11,0%,55.18
https://ataviaweddings.com/venues/colorado/estes-park/the-pavilion-at-the-stanley,0,11,0%,60.18
https://www.ataviaweddings.com/venues/missouri/st-louis/st-louis-wedding-chapel,0,11,0%,74.09
https://www.ataviaweddings.com/post/what-is-a-wedding-photo-narrative-a-couples-guide,0,10,0%,6.8
https://www.ataviaweddings.com/venues/illinois/plainfield/ashraf-farmhouse,0,10,0%,7.8
https://ataviaweddings.com/venues/michigan/coldwater/the-gathering-barn,0,10,0%,8.2
https://ataviaweddings.com/venues/montana/powell/diamond-view-ranch-wyoming-wedding-and-event-center-cody-wyoming-wedding-venues,0,10,0%,10.6
https://www.ataviaweddings.com/venues/vermont/benson/the-wedding-barn-at-kingston-place,0,10,0%,11.8
https://ataviaweddings.com/blog/genuine-emotion-in-wedding-photos-a-couples-guide,0,10,0%,14.5
https://ataviaweddings.com/venues/pennsylvania/philadelphia/vaux-studio-philadelphias-premier-micro-wedding-venue,0,10,0%,15.2
https://ataviaweddings.com/venues/michigan/ypsilanti/the-ypsilanti-performance-space-the-ypsi,0,10,0%,18.3
https://www.ataviaweddings.com/venues/new-york/brooklyn/brooklyn-bank-venue-event-space,0,10,0%,20.2
https://ataviaweddings.com/venues/alabama/hoover/oris-and-oak,0,10,0%,23.8
https://ataviaweddings.com/venues/texas/lubbock/the-historic-baker-building,0,10,0%,23.8
https://ataviaweddings.com/venues/georgia/macon/jontes-place,0,10,0%,26.3
https://ataviaweddings.com/venues/florida/st-augustine/the-venue-in-st-augustine,0,10,0%,31.4
https://ataviaweddings.com/venues/oklahoma/edmond/hamilton-event-center,0,10,0%,32.1
https://ataviaweddings.com/venues/oklahoma/edmond/,0,10,0%,33.8
https://www.ataviaweddings.com/venues/new-york/brooklyn/dyker-beach-golf-course-catering-hall,0,10,0%,34
https://www.ataviaweddings.com/venues/utah/salt-lake-city/the-devereaux-mansion,0,10,0%,34
https://ataviaweddings.com/venues/california/santa-rosa/the-gables-wine-country-inn,0,10,0%,37.1
https://ataviaweddings.com/venues/texas/dripping-springs/canyonwood-ridge,0,10,0%,38.8
https://ataviaweddings.com/venues/florida/st-petersburg/pinellas-ale-works-private-event-venue,0,10,0%,41.5
https://ataviaweddings.com/venues/new-york/livonia/,0,10,0%,45.6
https://www.ataviaweddings.com/venues/maryland/baltimore/venue-xiv,0,10,0%,59.2
https://www.ataviaweddings.com/venues/ohio/columbus/vibe-venue,0,10,0%,66.7
https://ataviaweddings.com/venues/florida/west-palm-beach/canopy-by-hilton-west-palm-beach-downtown,0,10,0%,69.3
https://www.ataviaweddings.com/venues/california/temecula/creative-catering-and-events-vip-room,0,10,0%,71.7
https://www.ataviaweddings.com/venues/kentucky/louisville/passalinos,0,10,0%,78.1
https://ataviaweddings.com/venues/florida/deltona/diamond-l-venue,0,9,0%,8
https://ataviaweddings.com/venues/north-carolina/hurdle-mills/the-barn-at-blue-rock-farm,0,9,0%,8.11
https://ataviaweddings.com/venues/new-jersey/newark/clinton-hill-event-hall,0,9,0%,9.67
https://ataviaweddings.com/venues/new-jersey/eatontown/tilling-house-at-suneagles-golf-club,0,9,0%,9.78
https://ataviaweddings.com/venues/california/morgan-hill/mohi-ranch,0,9,0%,11.44
https://ataviaweddings.com/venues/iowa/des-moines/world-food-prize-hall-of-laureates,0,9,0%,12
https://ataviaweddings.com/venues/georgia/white-plains/the-ivy-on-the-plains,0,9,0%,12.22
https://ataviaweddings.com/venues/california/agoura-hills/whispering-oaks-chapel,0,9,0%,12.78
https://ataviaweddings.com/venues/massachusetts/boston/the-college-club-of-boston,0,9,0%,14.56
https://ataviaweddings.com/venues/california/berkeley/easton-hall-conference-center,0,9,0%,15
https://www.ataviaweddings.com/post/how-professional-editing-elevates-your-wedding-images,0,9,0%,16.89
https://ataviaweddings.com/venues/maryland/bethesda/the-rock-creek-mansion,0,9,0%,22
https://ataviaweddings.com/venues/minnesota/minneapolis/the-lynhall-minneapolis-private-event-venue,0,9,0%,22.89
https://www.ataviaweddings.com/venues/michigan/kalamazoo/cityscape-event-centre,0,9,0%,23.89
https://ataviaweddings.com/venues/oklahoma/catoosa/hidden-porch,0,9,0%,24.22
https://ataviaweddings.com/venues/texas/austin/springdale-station,0,9,0%,27
https://ataviaweddings.com/venues/arizona/tucson/the-sea-of-glass-center-for-the-arts,0,9,0%,30.56
https://ataviaweddings.com/venues/montana/kalispell/holt-stage-hideaway,0,9,0%,31.11
https://ataviaweddings.com/venues/florida/miami/the-set,0,9,0%,33.33
https://ataviaweddings.com/venues/florida/thonotosassa/mision-lago-estate,0,9,0%,37.33
https://ataviaweddings.com/venues/california/bloomington/rancho-lagunas,0,9,0%,37.89
https://ataviaweddings.com/venues/ohio/akron/quaker-station,0,9,0%,39
https://ataviaweddings.com/venues/florida/miami-springs/curtiss-mansion,0,9,0%,39.56
https://www.ataviaweddings.com/venues/iowa/des-moines/des-moines-heritage-center,0,9,0%,40.44
https://ataviaweddings.com/venues/south-dakota/sioux-falls/casetta,0,9,0%,46.44
https://www.ataviaweddings.com/venues/wisconsin/green-bay/village-grille-events,0,9,0%,50.89
https://ataviaweddings.com/venues/california/palm-springs/escena-grill,0,9,0%,51.11
https://ataviaweddings.com/venues/california/berkeley/cellarmaker-brewing-co,0,9,0%,52.78
https://ataviaweddings.com/venues/utah/mapleton/quiet-meadow-farm,0,9,0%,54.22
https://www.ataviaweddings.com/venues/texas/fredericksburg/texas-wine-collective,0,9,0%,55.11
https://www.ataviaweddings.com/venues/arizona/prescott/peacock-dining-room-hassayampa-inn,0,9,0%,65.22
https://ataviaweddings.com/venues/virginia/richmond/maymont,0,9,0%,72.44
https://ataviaweddings.com/venues/north-carolina/burlington/coleman-barn,0,8,0%,3.12
https://www.ataviaweddings.com/venues/texas/el-paso/sweet-events-party-hall,0,8,0%,5.5
https://www.ataviaweddings.com/venues/indiana/wadesville/knights-home-st-wendel,0,8,0%,7.5
https://ataviaweddings.com/venues/iowa/fairfax/johns-place,0,8,0%,7.88
https://www.ataviaweddings.com/venues/louisiana/new-orleans/the-misi-by-messinas,0,8,0%,7.88
https://ataviaweddings.com/venues/north-carolina/hendersonville/cabin-heaven,0,8,0%,8
https://www.ataviaweddings.com/news/explore-the-connection-between-yoga-and-wellness,0,8,0%,9.12
https://ataviaweddings.com/venues/california/thermal/cavallo-ranch,0,8,0%,10.25
https://ataviaweddings.com/venues/georgia/phenix-city/the-log-cabin,0,8,0%,10.75
https://ataviaweddings.com/venues/florida/davie/germack-event-venue,0,8,0%,10.88
https://www.ataviaweddings.com/venues/arizona/scottsdale/clayton-house-by-wedgewood-weddings,0,8,0%,11.5
https://www.ataviaweddings.com/venues/california/geyserville/,0,8,0%,13.12
https://www.ataviaweddings.com/venues/michigan/lansing/michigan-wildlife-conservancy-bengel-wildlife,0,8,0%,17.38
https://www.ataviaweddings.com/post/the-role-of-second-photographer-weddings-full-guide,0,8,0%,21.5
https://ataviaweddings.com/venues/north-carolina/youngsville/stonewall-farm,0,8,0%,23.5
https://ataviaweddings.com/venues/ohio/painesville/sugar-lake-weddings,0,8,0%,26.38
https://ataviaweddings.com/venues/arizona/phoenix/the-farm-at-south-mountain,0,8,0%,27.5
https://www.ataviaweddings.com/venues/colorado/golden/christies-of-genesee-wedding-and-event-venue,0,8,0%,28.12
https://ataviaweddings.com/venues/california/san-francisco/flood-mansion,0,8,0%,29.62
https://www.ataviaweddings.com/venues/arizona/phoenix/croft-downtown-by-wedgewood-weddings,0,8,0%,31
https://ataviaweddings.com/venues/georgia/savannah/garden-assembly-room,0,8,0%,33.62
https://ataviaweddings.com/venues/ohio/gahanna/la-navona,0,8,0%,35.25
https://ataviaweddings.com/venues/california/pasadena/university-club-of-pasadena,0,8,0%,36.88
https://www.ataviaweddings.com/venues/maryland/baltimore/martins-west,0,8,0%,36.88
https://www.ataviaweddings.com/venues/new-jersey/franklin-township/the-palace-at-somerset-park,0,8,0%,39.75
https://www.ataviaweddings.com/venues/iowa/east-moline/the-bend-event-center,0,8,0%,40.62
https://www.ataviaweddings.com/venues/california/westport/switzer-farm,0,8,0%,40.75
https://www.ataviaweddings.com/venues/maryland/reisterstown/the-wedding-cottage-baltimore,0,8,0%,43.75
https://ataviaweddings.com/venues/kentucky/louisville/the-woods-at-cedar-springs,0,8,0%,44.5
https://www.ataviaweddings.com/venues/florida/sarasota/bayfront-community-center-bay-park-conservancy,0,8,0%,48.38
https://ataviaweddings.com/venues/new-york/huntington/oheka-castle,0,8,0%,58.88
https://ataviaweddings.com/venues/california/redlands/tennessee-gardens-event-center,0,8,0%,66.5
https://www.ataviaweddings.com/venues/michigan/grand-rapids/muse-gr,0,8,0%,69.5
https://www.ataviaweddings.com/venues/alabama/montgomery/the-c-o-d-center,0,7,0%,5.29
https://ataviaweddings.com/venues/florida/sarasota/bayfront-community-center-bay-park-conservancy,0,7,0%,6.71
https://ataviaweddings.com/venues/oklahoma/mcloud/back-road-majestic-cedar-barn,0,7,0%,7
https://ataviaweddings.com/venues/mississippi/lumberton/sawyer-farms,0,7,0%,7.29
https://ataviaweddings.com/venues/alaska/anchorage/highland-glen-lodge-bed-and-breakfast-and-wedding-venue,0,7,0%,7.71
https://www.ataviaweddings.com/venues/mississippi/lumberton/sawyer-farms,0,7,0%,7.86
https://ataviaweddings.com/venues/florida/miami/the-ranch-miami,0,7,0%,8
https://www.ataviaweddings.com/venues/wyoming/casper/occasions-by-cory-catering-venue,0,7,0%,8.14
https://ataviaweddings.com/venues/connecticut/westbrook/waters-edge-resort-and-spa,0,7,0%,9.57
https://www.ataviaweddings.com/venues/wisconsin/watertown/sugar-island-barn,0,7,0%,10.14
https://www.ataviaweddings.com/venues/new-jersey/eatontown/tilling-house-at-suneagles-golf-club,0,7,0%,11.43
https://www.ataviaweddings.com/venues/texas/galveston/the-1946-mezzanine,0,7,0%,13
https://www.ataviaweddings.com/venues/ohio/gahanna/la-navona,0,7,0%,14.57
https://ataviaweddings.com/venues/oklahoma/luther/eleven-oaks-ranch-events,0,7,0%,15.43
https://ataviaweddings.com/venues/louisiana/saint-gabriel/gabriels-house-of-events,0,7,0%,16.14
https://ataviaweddings.com/venues/washington/duvall/,0,7,0%,16.71
https://www.ataviaweddings.com/venues/georgia/johns-creek/occasions-atlanta,0,7,0%,23
https://ataviaweddings.com/venues/florida/inverness/,0,7,0%,24.86
https://ataviaweddings.com/venues/maryland/reisterstown/the-wedding-cottage-baltimore,0,7,0%,25.14
https://ataviaweddings.com/venues/georgia/athens/georgian-hall,0,7,0%,27.71
https://ataviaweddings.com/venues/texas/aubrey/morgan-creek-barn-aubrey,0,7,0%,28.57
https://ataviaweddings.com/venues/kentucky/louisville/passalinos,0,7,0%,29.57
https://www.ataviaweddings.com/venues/california/la-ca-ada-flintridge/,0,7,0%,33
https://ataviaweddings.com/venues/florida/st-augustine/chandler-oaks-barn,0,7,0%,33.43
https://www.ataviaweddings.com/venues/california/redlands/the-grove-redlands,0,7,0%,38.14
https://www.ataviaweddings.com/venues/oklahoma/oklahoma-city/stonebrook-event-center,0,7,0%,44.57
https://ataviaweddings.com/venues/michigan/detroit/the-chapel-at-castle-rouge,0,7,0%,45.71
https://ataviaweddings.com/venues/south-carolina/charleston/magnolia-plantation-and-gardens,0,7,0%,47.43
https://ataviaweddings.com/venues/georgia/hephzibah/,0,7,0%,48.71
https://ataviaweddings.com/venues/new-jersey/hanover/,0,7,0%,52.14
https://ataviaweddings.com/venues/georgia/dahlonega/the-overlook-at-kc-bison-ranch,0,7,0%,53.71
https://www.ataviaweddings.com/venues/alabama/montgomery/montgomery-zoo-and-mann-wildlife-learning-museum,0,7,0%,53.86
https://www.ataviaweddings.com/venues/idaho/coeur-dalene/elk-point-events,0,7,0%,56.43
https://ataviaweddings.com/venues/ohio/new-franklin/,0,7,0%,57.86
https://ataviaweddings.com/venues/michigan/grand-rapids/muse-gr,0,7,0%,67.43
https://ataviaweddings.com/venues/florida/clearwater/opal-sol-resort,0,7,0%,68.86
https://ataviaweddings.com/venues/ohio/cleveland/the-ritz-carlton-cleveland,0,7,0%,69.71
https://ataviaweddings.com/venues/new-jersey/east-brunswick/,0,7,0%,71
https://ataviaweddings.com/venues/california/san-diego/darlington-house,0,7,0%,78.71
https://ataviaweddings.com/venues/connecticut/hamden/,0,6,0%,4.33
https://www.ataviaweddings.com/contact,0,6,0%,4.33
https://ataviaweddings.com/venues/florida/jacksonville/the-fazenda,0,6,0%,4.83
https://ataviaweddings.com/venues/kansas/saint-george/,0,6,0%,4.83
https://www.ataviaweddings.com/post/wedding-highlight-reel-best-practices-for-2026,0,6,0%,6.83
https://ataviaweddings.com/venues/missouri/summersville/countryside-barn-at-mattison-farms,0,6,0%,9.17
https://ataviaweddings.com/venues/oregon/monroe/the-inn-at-diamond-woods,0,6,0%,9.67
https://ataviaweddings.com/venues/california/santa-ana/country-garden-caterers-and-cgc-facility,0,6,0%,10.17
https://ataviaweddings.com/post/cinematic-wedding-film-editing-workflow-a-pro-guide,0,6,0%,10.5
https://ataviaweddings.com/venues/minnesota/orono/woods-retreat,0,6,0%,11.67
https://ataviaweddings.com/venues/wyoming/casper/occasions-by-cory-catering-venue,0,6,0%,12.33
https://ataviaweddings.com/venues/kentucky/lexington/ashwood-on-antioch-barn,0,6,0%,14.5
https://www.ataviaweddings.com/venues/texas/trenton/the-farmstead,0,6,0%,17
https://ataviaweddings.com/venues/arizona/phoenix/boojum-tree-hidden-gardens,0,6,0%,19
https://ataviaweddings.com/venues/north-carolina/kernersville/willstella-farm,0,6,0%,19.83
https://ataviaweddings.com/venues/ohio/loudonville/mohican-gardens-and-conservatory,0,6,0%,20.17
https://ataviaweddings.com/venues/florida/apalachicola/,0,6,0%,22.17
https://www.ataviaweddings.com/venues/new-york/woodbury/the-fox-hollow,0,6,0%,23.17
https://www.ataviaweddings.com/venues/south-carolina/buffalo/rogers-farm,0,6,0%,23.67
https://www.ataviaweddings.com/venues/rhode-island/foxborough/,0,6,0%,25
https://www.ataviaweddings.com/venues/washington/orting/,0,6,0%,26
https://ataviaweddings.com/venues/oregon/carlton/abbey-road-farm,0,6,0%,26.5
https://ataviaweddings.com/venues/georgia/lawrenceville/natalie-house-by-wedgewood-weddings,0,6,0%,27.17
https://ataviaweddings.com/venues/florida/pensacola/palafox-wharf-waterfront-wedding-venue,0,6,0%,27.83
https://www.ataviaweddings.com/venues/california/berkeley/cellarmaker-brewing-co,0,6,0%,27.83
https://ataviaweddings.com/venues/california/oakland/lake-merritt-amphitheater,0,6,0%,29.5
https://ataviaweddings.com/venues/california/geyserville/,0,6,0%,32
https://ataviaweddings.com/venues/california/fresno/the-painted-table-event-center,0,6,0%,33.17
https://ataviaweddings.com/venues/georgia/east-point/atlanta-utility-works,0,6,0%,33.33
https://www.ataviaweddings.com/venues/new-york/auburn/,0,6,0%,35.33
https://ataviaweddings.com/venues/california/temecula/creative-catering-and-events-vip-room,0,6,0%,37.33
https://ataviaweddings.com/venues/tennessee/knoxville/the-sharp-social-co,0,6,0%,37.5
https://ataviaweddings.com/venues/north-dakota/bismarck/lady-js-catering-and-decor,0,6,0%,37.67
https://ataviaweddings.com/venues/florida/sunrise/,0,6,0%,38.33
https://ataviaweddings.com/venues/colorado/pine/meadow-creek-lodge-and-event-center,0,6,0%,48.17
https://www.ataviaweddings.com/venues/texas/atascocita/hidden-pines-lake-houston,0,6,0%,49.67
https://www.ataviaweddings.com/venues/texas/houston/post-houston,0,6,0%,50.33
https://ataviaweddings.com/venues/new-york/cutchogue/meadowlark-north-fork,0,6,0%,52.83
https://ataviaweddings.com/venues/california/paso-robles/parrish-family-vineyard,0,6,0%,57
https://ataviaweddings.com/venues/kentucky/cincinnati/gather-cincy,0,6,0%,62.67
https://ataviaweddings.com/venues/north-dakota/fargo/the-windbreak,0,6,0%,66.33
https://ataviaweddings.com/venues/connecticut/bloomfield/good-vibes-event,0,5,0%,4
https://ataviaweddings.com/venues/maine/chebeague-island/chebeague-island-inn,0,5,0%,4.8
https://www.ataviaweddings.com/venues/minnesota/minneapolis/the-lynhall-minneapolis-private-event-venue,0,5,0%,7.4
https://ataviaweddings.com/venues/florida/miami/vignette-gardens,0,5,0%,7.6
https://www.ataviaweddings.com/venues/wisconsin/milwaukee/northern-lights-event-venue-menomonee-valleys-ultramodern-space,0,5,0%,7.8
https://ataviaweddings.com/venues/florida/west-palm-beach/majestic-ballroom-of-west-palm-beach,0,5,0%,8.4
https://ataviaweddings.com/venues/south-carolina/chapin/,0,5,0%,8.4
https://ataviaweddings.com/venues/maine/wiscasset/marianmade-farm,0,5,0%,8.6
https://ataviaweddings.com/venues/arizona/tempe/social-hall-restaurant-event-venue,0,5,0%,8.8
https://ataviaweddings.com/venues/indiana/notre-dame/dahnke-family-ballroom,0,5,0%,9.2
https://ataviaweddings.com/venues/louisiana/new-orleans/the-jaxson-on-the-river,0,5,0%,9.6
https://ataviaweddings.com/venues/iowa/wilton/the-barn-at-bunker-hill,0,5,0%,11.2
https://www.ataviaweddings.com/venues/colorado/durango/the-benchmark-event-and-wedding-venue-at-cascade-village,0,5,0%,11.6
https://ataviaweddings.com/venues/new-hampshire/candia/the-barnyard-venue,0,5,0%,11.8
https://ataviaweddings.com/venues/arkansas/bentonville/the-venue-nwa,0,5,0%,13.8
https://www.ataviaweddings.com/venues/iowa/iowa-city/the-highlander-hotel,0,5,0%,14.8
https://www.ataviaweddings.com/venues/california/malibu/the-malibu-dream-resort,0,5,0%,15
https://ataviaweddings.com/venues/louisiana/longview/ama-la-vita-events,0,5,0%,15.8
https://ataviaweddings.com/venues/florida/eustis/the-little-wedding-chapel-of-love,0,5,0%,16.4
https://ataviaweddings.com/venues/arizona/tucson/the-venue-event-and-conference-center,0,5,0%,16.6
https://ataviaweddings.com/venues/georgia/pendergrass/barn-south,0,5,0%,18
https://www.ataviaweddings.com/venues/nebraska/grand-island/the-falconwood-at-beaver-island-state-park,0,5,0%,20.4
https://ataviaweddings.com/venues/michigan/battle-creek/greencrest-manor,0,5,0%,22.2
https://ataviaweddings.com/venues/california/napa/the-westin-verasa-napa,0,5,0%,24
https://ataviaweddings.com/venues/colorado/golden/christies-of-genesee-wedding-and-event-venue,0,5,0%,25.2
https://ataviaweddings.com/venues/pennsylvania/macungie/,0,5,0%,25.2
https://ataviaweddings.com/venues/washington/orting/monarch-meadows-venue,0,5,0%,25.2
https://ataviaweddings.com/venues/connecticut/new-haven/canal-dock-boathouse,0,5,0%,29
https://www.ataviaweddings.com/venues/nevada/las-vegas/little-chapel-of-hearts,0,5,0%,30.8
https://www.ataviaweddings.com/venues/texas/hurst/hidden-pines-chapel-hurst,0,5,0%,32.6
https://ataviaweddings.com/venues/georgia/atlanta/cator-woolford-gardens,0,5,0%,38.2
https://www.ataviaweddings.com/venues/florida/miami/penthouse-at-riverside-wharf,0,5,0%,41.8
https://ataviaweddings.com/venues/utah/provo/velour-live-music-gallery,0,5,0%,44.4
https://ataviaweddings.com/venues/florida/homestead/the-barn-305,0,5,0%,48.4
https://ataviaweddings.com/venues/mississippi/jackson/hideaway-event-and-wedding-venues-895-and-up,0,5,0%,48.6
https://ataviaweddings.com/venues/wisconsin/milwaukee/the-loft-on-broadway,0,5,0%,50
https://ataviaweddings.com/venues/arizona/prescott/peacock-dining-room-hassayampa-inn,0,5,0%,51
https://ataviaweddings.com/venues/delaware/wilmington/9th-mile-galleria,0,5,0%,51.6
https://ataviaweddings.com/venues/delaware/,0,5,0%,55
https://www.ataviaweddings.com/venues/oklahoma/tulsa/the-silo-event-center,0,5,0%,56.4
https://www.ataviaweddings.com/venues/louisiana/longview/ama-la-vita-events,0,5,0%,57
https://ataviaweddings.com/venues/georgia/savannah/savannah-bottle-works-a-fetewell-venue,0,5,0%,64.2
https://www.ataviaweddings.com/venues/minnesota/rochester/wood-lake-meeting-center,0,5,0%,65.6
https://ataviaweddings.com/venues/new-hampshire/bedford/bedford-village-inn,0,5,0%,68
https://ataviaweddings.com/venues/florida/miami/penthouse-at-riverside-wharf,0,5,0%,69.4
https://www.ataviaweddings.com/venues/alabama/birmingham/the-fennec-spaces,0,5,0%,69.8
https://www.ataviaweddings.com/venues/rhode-island/warwick/crowne-plaza-providence-warwick-airport-by-ihg,0,5,0%,76.6
https://www.ataviaweddings.com/venues/indiana/wakarusa/the-blue-teal,0,4,0%,3.5
https://ataviaweddings.com/venues/maryland/seaside-heights/the-ocean-view-weddings-and-banquets,0,4,0%,4
https://www.ataviaweddings.com/venues/texas/lubbock/retreat-at-rhodes,0,4,0%,5.75
https://ataviaweddings.com/venues/new-york/syracuse/skybarn-syracuse-university,0,4,0%,6
https://ataviaweddings.com/venues/virginia/roanoke/malones-peake,0,4,0%,6.25
https://ataviaweddings.com/venues/new-york/brooklyn/eden-palace,0,4,0%,6.75
https://ataviaweddings.com/venues/new-jersey/jersey-city/hudson-house-venue-hall-at-event-space-for-hire,0,4,0%,7
"https://ataviaweddings.com/book/?venue=The 
Set&from=/venues/florida/miami/the-set",0,4,0%,7.25
https://ataviaweddings.com/venues/new-jersey/princeton/princeton-italian-american-sportsmens-club-piasc,0,4,0%,7.75
https://ataviaweddings.com/venues/new-mexico/bosque-farms/,0,4,0%,7.75
https://ataviaweddings.com/venues/missouri/st-louis/andres-at-palladium,0,4,0%,8
https://ataviaweddings.com/venues/north-dakota/colfax/the-44-venue,0,4,0%,8
https://ataviaweddings.com/venues/georgia/statham/the-georgia-club,0,4,0%,8.25
https://ataviaweddings.com/venues/massachusetts/kingston/hilltop-functions,0,4,0%,8.25
https://ataviaweddings.com/venues/oklahoma/norman/caddo-springs,0,4,0%,8.25
https://ataviaweddings.com/venues/texas/plano/the-opal-venue-by-sk-events,0,4,0%,8.25
https://www.ataviaweddings.com/venues/ohio/cuyahoga-falls/social-house-venue,0,4,0%,8.25
https://ataviaweddings.com/venues/new-york/middletown/lotuswood-organic-wellness-farm,0,4,0%,8.5
https://ataviaweddings.com/venues/new-york/rochester/la-luna,0,4,0%,9
https://ataviaweddings.com/venues/washington/deer-park/aspen-grove-weddings,0,4,0%,9
https://www.ataviaweddings.com/venues/louisiana/scott/sunny-meade-wedding-and-reception-facility,0,4,0%,9.5
https://ataviaweddings.com/venues/florida/gainesville/mos-garden-events,0,4,0%,10
https://ataviaweddings.com/venues/colorado/lyons/lyons-farmette,0,4,0%,10.75
https://ataviaweddings.com/venues/new-york/auburn/,0,4,0%,11.25
https://ataviaweddings.com/venues/texas/terrell/the-establishment-barn,0,4,0%,11.5
https://www.ataviaweddings.com/venues/iowa/des-moines/world-food-prize-hall-of-laureates,0,4,0%,11.75
https://ataviaweddings.com/venues/louisiana/new-orleans/the-rooftop-on-basin,0,4,0%,12.5
https://ataviaweddings.com/venues/alaska/ester/,0,4,0%,12.75
https://ataviaweddings.com/venues/colorado/severance/,0,4,0%,13
https://ataviaweddings.com/venues/ohio/tiffin/the-barn-at-seneca-hills,0,4,0%,13.25
https://ataviaweddings.com/venues/florida/orlando/lets-get-married-orlando,0,4,0%,14.5
https://ataviaweddings.com/venues/illinois/janesville/the-barn-on-prairie,0,4,0%,15.25
https://www.ataviaweddings.com/venues/ohio/findlay/,0,4,0%,16.5
https://www.ataviaweddings.com/venues/florida/winter-park/villa-tuscany,0,4,0%,18.25
https://ataviaweddings.com/venues/hawaii/kailua-kona/weddings-on-big-island,0,4,0%,20
https://ataviaweddings.com/venues/arizona/phoenix/the-teapot,0,4,0%,20.25
https://ataviaweddings.com/venues/florida/newberry/granville-plantation-weddings-and-events,0,4,0%,22.25
https://ataviaweddings.com/venues/indiana/zionsville/the-palomino-weddings-banquets-and-special-events,0,4,0%,22.5
https://www.ataviaweddings.com/venues/hawaii/kailua-kona/weddings-on-big-island,0,4,0%,22.75
https://ataviaweddings.com/venues/colorado/colorado-springs/mule-train-events,0,4,0%,23.75
https://ataviaweddings.com/venues/idaho/coeur-dalene/elk-point-events,0,4,0%,23.75
https://ataviaweddings.com/venues/north-carolina/dallas/the-barn-at-sandcastle-farm,0,4,0%,24.75
https://www.ataviaweddings.com/venues/wisconsin/athens/,0,4,0%,25.25
https://ataviaweddings.com/venues/missouri/st-louis/612north-event-space-catering,0,4,0%,26.5
https://ataviaweddings.com/venues/ohio/cuyahoga-falls/social-house-venue,0,4,0%,27.25
https://ataviaweddings.com/venues/new-hampshire/concord/the-barn-at-bull-meadow,0,4,0%,27.5
https://ataviaweddings.com/venues/arizona/tucson/el-mezquite-sal-n-de-eventos,0,4,0%,27.75
https://www.ataviaweddings.com/venues/florida/monticello/,0,4,0%,30.25
https://www.ataviaweddings.com/venues/california/la-ca-ada-flintridge/la-ca-ada-thursday-club,0,4,0%,32.25
https://www.ataviaweddings.com/venues/oregon/beaverton/the-butler-barn,0,4,0%,32.25
https://www.ataviaweddings.com/venues/california/bloomington/rancho-lagunas,0,4,0%,33.25
https://ataviaweddings.com/venues/california/julian/,0,4,0%,34.25
https://ataviaweddings.com/venues/hawaii/honolulu/bayer-estate,0,4,0%,35
https://www.ataviaweddings.com/venues/west-virginia/fairview/,0,4,0%,41
https://ataviaweddings.com/venues/oklahoma/oklahoma-city/harn-homestead,0,4,0%,41.5
https://ataviaweddings.com/venues/maryland/baltimore/martins-west,0,4,0%,43.5
https://ataviaweddings.com/venues/virginia/alexandria/the-alexandrian-old-town-alexandria-autograph-collection,0,4,0%,44.75
https://ataviaweddings.com/venues/new-york/troy/franklin-plaza,0,4,0%,47
https://www.ataviaweddings.com/venues/new-york/cutchogue/meadowlark-north-fork,0,4,0%,48
https://ataviaweddings.com/venues/texas/richardson/richardson-womans-club,0,4,0%,52.25
https://ataviaweddings.com/venues/texas/manchaca/,0,4,0%,53
https://ataviaweddings.com/venues/arizona/phoenix/on-jackson,0,4,0%,55
https://www.ataviaweddings.com/venues/new-jersey/hanover/,0,4,0%,55
https://ataviaweddings.com/venues/new-mexico/las-cruces/blue-moon-bar-and-grill,0,4,0%,58
https://www.ataviaweddings.com/venues/wisconsin/appleton/poplar-hall,0,4,0%,62
https://ataviaweddings.com/venues/arkansas/hot-springs/the-hot-springs-event-center,0,4,0%,64
https://ataviaweddings.com/venues/tennessee/arrington/,0,4,0%,65.25
https://ataviaweddings.com/venues/idaho/nampa/rustic-daisy-event-barn,0,4,0%,70.75
https://ataviaweddings.com/venues/district-of-columbia/washington/the-st-regis-washington-d-c,0,4,0%,71.75
https://ataviaweddings.com/venues/oklahoma/tulsa/the-silo-event-center,0,4,0%,79.5
"https://ataviaweddings.com/book/?venue=The Ashton Cole 
Place&from=/venues/georgia/thomson/the-ashton-cole-place",0,3,0%,1
https://ataviaweddings.com/venues/arizona/phoenix/croft-downtown-by-wedgewood-weddings,0,3,0%,1
https://ataviaweddings.com/venues/arizona/sedona/sedona-heritage-museum,0,3,0%,2.67
"https://ataviaweddings.com/book/?venue=Studio 
Eden&from=/venues/indiana/newburgh/studio-eden",0,3,0%,7.33
https://ataviaweddings.com/venues/new-jersey/long-hill/primavera-regency,0,3,0%,7.67
https://ataviaweddings.com/venues/massachusetts/millis/windy-knob,0,3,0%,8
https://ataviaweddings.com/venues/nebraska/waterloo/a-view-west-shores,0,3,0%,8
https://www.ataviaweddings.com/venues/california/agoura-hills/whispering-oaks-chapel,0,3,0%,8
https://ataviaweddings.com/venues/alabama/notasulga/auburn-oaks-farm,0,3,0%,8.33
https://ataviaweddings.com/venues/arizona/tucson/las-palmas-events,0,3,0%,8.33
https://ataviaweddings.com/venues/california/madera/the-margaux,0,3,0%,8.33
https://ataviaweddings.com/venues/colorado/somerset/stone-river-glen,0,3,0%,8.33
https://ataviaweddings.com/venues/hawaii/aiea/,0,3,0%,8.33
https://ataviaweddings.com/venues/alabama/albertville/the-lumpkin-house,0,3,0%,8.67
https://ataviaweddings.com/venues/alabama/columbiana/douglas-manor,0,3,0%,9
https://ataviaweddings.com/venues/north-carolina/clemmons/ace-acres-event-center,0,3,0%,9
https://ataviaweddings.com/venues/new-jersey/jersey-city/venue-845,0,3,0%,9.33
"https://ataviaweddings.com/book/?venue=Texas Wine 
Collective&from=/venues/texas/fredericksburg/texas-wine-collective",0,3,0%,9.67
https://www.ataviaweddings.com/venues/maryland/seaside-heights/the-ocean-view-weddings-and-banquets,0,3,0%,10
https://ataviaweddings.com/venues/florida/chuluota/rustic-pines-ranch,0,3,0%,10.33
https://ataviaweddings.com/venues/missouri/lawson/mellon-acres,0,3,0%,10.33
https://ataviaweddings.com/venues/maryland/frederick/the-wedding-niche,0,3,0%,10.67
https://www.ataviaweddings.com/venues/connecticut/glastonbury/riverfront-community-center,0,3,0%,10.67
https://www.ataviaweddings.com/venues/oregon/monroe/the-inn-at-diamond-woods,0,3,0%,10.67
https://ataviaweddings.com/venues/texas/fredericksburg/texas-wine-collective,0,3,0%,11.33
https://ataviaweddings.com/venues/new-york/poughkeepsie/keepsake-wedding-venue,0,3,0%,12
https://ataviaweddings.com/venues/california/montecito/rosewood-miramar-beach,0,3,0%,13.67
https://ataviaweddings.com/venues/alaska/anchorage/the-nave,0,3,0%,14.67
https://ataviaweddings.com/venues/nebraska/omaha/luciles-old-market,0,3,0%,14.67
https://www.ataviaweddings.com/venues/california/oakland/,0,3,0%,14.67
https://ataviaweddings.com/venues/montana/manhattan/,0,3,0%,15
https://www.ataviaweddings.com/venues/california/lakewood/the-centre-event-venue,0,3,0%,15
https://www.ataviaweddings.com/venues/new-york/east-syracuse/prettyandpink-party-planning,0,3,0%,15.67
https://ataviaweddings.com/venues/arkansas/mount-pleasant/bluebird-estate,0,3,0%,16.67
https://www.ataviaweddings.com/venues/ohio/sandusky/the-oak-at-millsite-farm,0,3,0%,17
https://ataviaweddings.com/venues/massachusetts/worcester/worcester-art-museum,0,3,0%,17.33
https://ataviaweddings.com/venues/georgia/lagrange/delavant-event-center,0,3,0%,19.33
https://ataviaweddings.com/venues/north-carolina/indian-beach/merrell-estate-and-gardens,0,3,0%,20
https://ataviaweddings.com/venues/colorado/golden/table-mountain-event-and-wedding-venue,0,3,0%,20.33
https://ataviaweddings.com/venues/wisconsin/waukesha/lilac-acres,0,3,0%,20.67
https://ataviaweddings.com/venues/california/san-jose/american-legion-willow-glen-post-318,0,3,0%,21
https://ataviaweddings.com/venues/new-york/new-york/perfect-wedding-nyc,0,3,0%,21.33
https://ataviaweddings.com/venues/illinois/elburn/heritage-prairie-farm,0,3,0%,21.67
https://www.ataviaweddings.com/venues/arizona/phoenix/boojum-tree-hidden-gardens,0,3,0%,22
https://www.ataviaweddings.com/venues/texas/terrell/the-establishment-barn,0,3,0%,22.33
https://ataviaweddings.com/venues/minnesota/saint-paul/the-commodore-bar-and-restaurant,0,3,0%,23
https://ataviaweddings.com/venues/colorado/larkspur/the-venue-at-crooked-willow-farms,0,3,0%,23.33
https://ataviaweddings.com/venues/arkansas/little-rock/chenal-event-venue,0,3,0%,23.67
https://ataviaweddings.com/venues/tennessee/franklin/cjs-off-the-square,0,3,0%,23.67
https://ataviaweddings.com/venues/south-dakota/sioux-falls/mckennan-park,0,3,0%,24.33
https://ataviaweddings.com/venues/district-of-columbia/washington/the-showroom,0,3,0%,27.67
https://ataviaweddings.com/venues/michigan/charlevoix/,0,3,0%,28
https://www.ataviaweddings.com/venues/arkansas/bentonville/the-venue-nwa,0,3,0%,28.67
https://www.ataviaweddings.com/venues/texas/richardson/richardson-womans-club,0,3,0%,29
https://ataviaweddings.com/venues/oklahoma/oklahoma-city/stonebrook-event-center,0,3,0%,30
https://ataviaweddings.com/venues/pennsylvania/glenmoore/,0,3,0%,30
https://ataviaweddings.com/venues/california/la-verne/sierra-la-verne-by-wedgewood-weddings,0,3,0%,31.33
https://ataviaweddings.com/venues/oklahoma/oklahoma-city/union-house-of-oklahoma,0,3,0%,31.33
https://www.ataviaweddings.com/venues/california/santa-rosa/the-gables-wine-country-inn,0,3,0%,32
https://ataviaweddings.com/venues/new-hampshire/derry/birch-wood-vineyards-by-wedgewood-weddings,0,3,0%,33.67
https://www.ataviaweddings.com/venues/south-carolina/fountain-inn/,0,3,0%,34.33
https://ataviaweddings.com/venues/georgia/alpharetta/the-grand-events-atl,0,3,0%,34.67
https://www.ataviaweddings.com/venues/california/san-francisco/flood-mansion,0,3,0%,35.33
https://www.ataviaweddings.com/venues/kansas/overland-park/game-show-battle-rooms-kansas-city-overland-park,0,3,0%,37
https://ataviaweddings.com/venues/alaska/palmer/,0,3,0%,38.67
https://ataviaweddings.com/venues/texas/galveston/my-island-weddings,0,3,0%,39
https://ataviaweddings.com/venues/colorado/colorado-springs/secret-garden,0,3,0%,39.33
https://ataviaweddings.com/venues/wisconsin/milwaukee/the-clybourn,0,3,0%,42.33
https://www.ataviaweddings.com/venues/california/san-diego/mission-hills-venue,0,3,0%,42.67
https://www.ataviaweddings.com/venues/arizona/phoenix/on-jackson,0,3,0%,44.33
https://ataviaweddings.com/venues/california/san-francisco/,0,3,0%,51.67
https://www.ataviaweddings.com/venues/wisconsin/,0,3,0%,53.33
https://ataviaweddings.com/venues/connecticut/port-chester/b-social-event-space,0,3,0%,54
https://ataviaweddings.com/venues/new-jersey/sparta/rock-island-lake-club,0,3,0%,55
https://www.ataviaweddings.com/venues/iowa/cedar-rapids/eastbank-venue,0,3,0%,60.33
https://ataviaweddings.com/venues/virginia/roanoke/charter-hall-at-the-city-market-building,0,3,0%,62.33
https://www.ataviaweddings.com/venues/california/santa-barbara/the-mill,0,3,0%,65.33
https://ataviaweddings.com/venues/new-york/riverhead/atlantis-banquets-and-events,0,3,0%,65.67
https://ataviaweddings.com/venues/missouri/columbia/,0,3,0%,68.67
https://ataviaweddings.com/venues/new-york/sea-cliff/,0,2,0%,1
https://www.ataviaweddings.com/post/wedding-photo-video-storytelling-examples-that-inspire,0,2,0%,2.5
https://www.ataviaweddings.com/venues/florida/bushnell/the-red-barn-at-bushnell,0,2,0%,2.5
https://ataviaweddings.com/venues/colorado/elbert/white-willow-barn,0,2,0%,3
https://ataviaweddings.com/venues/maryland/baltimore/venue-xiv,0,2,0%,3
https://www.ataviaweddings.com/venues/massachusetts/west-stockbridge/the-foundry,0,2,0%,3.5
https://www.ataviaweddings.com/post/what-is-emotional-wedding-photography-a-couples-guide,0,2,0%,4.5
https://www.ataviaweddings.com/blog/wedding-highlight-reel-best-practices-for-2026,0,2,0%,5
https://ataviaweddings.com/venues/colorado/colorado-springs/the-loft-music-venue,0,2,0%,5.5
https://ataviaweddings.com/venues/district-of-columbia/washington/top-of-the-hill-banquet-and-conference-center,0,2,0%,6
https://ataviaweddings.com/venues/kansas/stilwell/serendipity-farm-and-vine,0,2,0%,6
https://ataviaweddings.com/venues/ohio/toledo/libbey-house,0,2,0%,6
https://www.ataviaweddings.com/venues/florida/jacksonville/the-fazenda,0,2,0%,6
https://www.ataviaweddings.com/venues/florida/miami/seafair-megayachts,0,2,0%,6
https://www.ataviaweddings.com/venues/nebraska/grand-island/pinnacle-bank-expo-center,0,2,0%,6
https://www.ataviaweddings.com/venues/south-dakota/sioux-falls/mckennan-park,0,2,0%,6
https://www.ataviaweddings.com/venues/tennessee/hampshire/goldman-ranch-wedding-venue,0,2,0%,6
https://ataviaweddings.com/venues/maine/buxton/,0,2,0%,6.5
https://ataviaweddings.com/venues/florida/clearwater/yacht-starship-cruises-and-events,0,2,0%,7
https://www.ataviaweddings.com/venues/tennessee/culleoka/cypress-barn-at-miller-lake,0,2,0%,7
https://ataviaweddings.com/venues/washington/olalla/,0,2,0%,7.5
https://www.ataviaweddings.com/venues/georgia/marietta/reyes-event-hall,0,2,0%,7.5
https://www.ataviaweddings.com/venues/michigan/williamsburg/traverse-city-horse-shows-at-flintfields-horse-park,0,2,0%,7.5
https://ataviaweddings.com/venues/california/aliso-viejo/aliso-viejo-ranch,0,2,0%,8
https://ataviaweddings.com/venues/louisiana/new-orleans/the-misi-by-messinas,0,2,0%,8
https://ataviaweddings.com/venues/tennessee/hampshire/goldman-ranch-wedding-venue,0,2,0%,8
https://ataviaweddings.com/venues/wisconsin/watertown/sugar-island-barn,0,2,0%,8
https://www.ataviaweddings.com/venues/california/oakland/dunsmuir-hellman-historic-estate,0,2,0%,8
https://www.ataviaweddings.com/venues/delaware/magnolia/jonathans-landing-public-golf-and-event-venue,0,2,0%,8
https://ataviaweddings.com/venues/arkansas/van-buren/,0,2,0%,8.5
https://ataviaweddings.com/venues/maryland/easton/,0,2,0%,8.5
https://ataviaweddings.com/venues/tennessee/milan/k-and-m-barn-at-lewis-farm,0,2,0%,8.5
https://ataviaweddings.com/venues/nebraska/omaha/saro-event-lounge,0,2,0%,9
https://ataviaweddings.com/venues/oklahoma/cameron/,0,2,0%,9
https://www.ataviaweddings.com/venues/florida/miami/hacienda-los-robles,0,2,0%,9
https://www.ataviaweddings.com/venues/new-york/yonkers/the-fairways-at-dunwoodie-golf-course,0,2,0%,9
https://ataviaweddings.com/venues/colorado/loma/absolute-prestige-venue,0,2,0%,9.5
https://www.ataviaweddings.com/venues/georgia/thomson/the-ashton-cole-place,0,2,0%,9.5
https://www.ataviaweddings.com/venues/kentucky/lexington/ashwood-on-antioch-barn,0,2,0%,10
https://ataviaweddings.com/venues/florida/miami/mia79-event-venue,0,2,0%,10.5
https://ataviaweddings.com/venues/florida/miami/hacienda-los-robles,0,2,0%,11
https://ataviaweddings.com/venues/maine/cumberland/wander-at-longwoods,0,2,0%,11
https://ataviaweddings.com/venues/new-york/lindenhurst/chateau-la-mer,0,2,0%,11
https://www.ataviaweddings.com/venues/florida/lake-mary/,0,2,0%,11
https://www.ataviaweddings.com/venues/oregon/boring/,0,2,0%,12
https://www.ataviaweddings.com/venues/missouri/lawson/mellon-acres,0,2,0%,13
https://ataviaweddings.com/venues/nevada/las-vegas/skyview-banquet-hall,0,2,0%,13.5
https://ataviaweddings.com/venues/ohio/dublin/the-club-at-corazon,0,2,0%,14
https://ataviaweddings.com/venues/illinois/downers-grove/the-lytle-auditorium,0,2,0%,14.5
https://www.ataviaweddings.com/venues/colorado/wheat-ridge/,0,2,0%,14.5
https://ataviaweddings.com/venues/colorado/monument/secret-window-wedding-venue-and-events,0,2,0%,15
https://ataviaweddings.com/venues/alabama/wilsonville/,0,2,0%,15.5
https://ataviaweddings.com/venues/florida/orlando/the-farm-at-lake-pickett,0,2,0%,15.5
https://ataviaweddings.com/venues/florida/palm-beach/four-seasons-resort-palm-beach,0,2,0%,16
https://ataviaweddings.com/venues/ohio/chippewa-lake/the-oaks-lakeside-restaurant-and-event-venue,0,2,0%,16.5
https://ataviaweddings.com/venues/new-hampshire/milford/the-event-center-at-hampshire-hills,0,2,0%,17
https://www.ataviaweddings.com/venues/california/three-rivers/,0,2,0%,17.5
"https://ataviaweddings.com/book/?venue=Byrd 
Plantation&from=/venues/georgia/appling/byrd-plantation",0,2,0%,18
https://ataviaweddings.com/venues/colorado/steamboat-springs/sky-valley-chateau,0,2,0%,18
https://ataviaweddings.com/venues/florida/st-augustine/the-wedding-authority,0,2,0%,18.5
https://ataviaweddings.com/venues/louisiana/benton/,0,2,0%,19
https://ataviaweddings.com/venues/rhode-island/foxborough/,0,2,0%,20
https://ataviaweddings.com/venues/delaware/rehoboth/,0,2,0%,20.5
https://ataviaweddings.com/venues/ohio/louisville/brookside-farm,0,2,0%,21.5
https://www.ataviaweddings.com/venues/oklahoma/owasso/,0,2,0%,21.5
https://www.ataviaweddings.com/venues/indiana/new-harmony/,0,2,0%,22
https://www.ataviaweddings.com/venues/pennsylvania/philadelphia/vaux-studio-philadelphias-premier-micro-wedding-venue,0,2,0%,22
https://www.ataviaweddings.com/venues/texas/whitewright/best-day-ever-ranch,0,2,0%,22.5
https://ataviaweddings.com/venues/virginia/chesterfield/wrexham-hall,0,2,0%,23.5
https://www.ataviaweddings.com/venues/florida/newberry/granville-plantation-weddings-and-events,0,2,0%,23.5
https://ataviaweddings.com/venues/south-carolina/mount-pleasant/destination-gold-bug,0,2,0%,25
https://ataviaweddings.com/venues/texas/houston/post-houston,0,2,0%,25.5
https://www.ataviaweddings.com/venues/florida/st-augustine/amore-wedding-chapel,0,2,0%,26.5
https://www.ataviaweddings.com/venues/maine/buxton/flanagan-farm,0,2,0%,26.5
https://ataviaweddings.com/venues/oklahoma/edmond/elms-and-oaks,0,2,0%,28
https://ataviaweddings.com/venues/ohio/blue-ash/cooper-creek-event-center,0,2,0%,28.5
"https://ataviaweddings.com/contact?venue=Gould Barn - Topsfield Historical 
Society&from=/venues/massachusetts/topsfield/gould-barn-topsfield-historical-society",0,2,0%,32
https://ataviaweddings.com/venues/north-dakota/rapid-city/black-hills-receptions-and-rentals,0,2,0%,32
https://ataviaweddings.com/venues/michigan/williamsburg/traverse-city-horse-shows-at-flintfields-horse-park,0,2,0%,32.5
https://www.ataviaweddings.com/venues/california/newport-beach/the-pacific-club,0,2,0%,32.5
https://www.ataviaweddings.com/venues/michigan/detroit/the-chapel-at-castle-rouge,0,2,0%,33
https://ataviaweddings.com/venues/new-york/smithtown/stonebridge-country-club,0,2,0%,34
https://www.ataviaweddings.com/venues/colorado/lyons/lyons-farmette,0,2,0%,34
https://www.ataviaweddings.com/venues/north-dakota/fargo/the-windbreak,0,2,0%,34.5
https://www.ataviaweddings.com/venues/illinois/naperville/the-crawford,0,2,0%,39.5
https://ataviaweddings.com/venues/california/san-diego/mission-hills-venue,0,2,0%,40
https://www.ataviaweddings.com/venues/massachusetts/boston/the-liberty-a-luxury-collection-hotel-boston,0,2,0%,40.5
https://www.ataviaweddings.com/venues/massachusetts/,0,2,0%,43.5
https://ataviaweddings.com/venues/georgia/savannah/red-gate-farms,0,2,0%,44.5
https://www.ataviaweddings.com/venues/new-hampshire/candia/the-barnyard-venue,0,2,0%,44.5
https://ataviaweddings.com/venues/ohio/columbus/vibe-venue,0,2,0%,45
https://ataviaweddings.com/venues/tennessee/culleoka/cypress-barn-at-miller-lake,0,2,0%,45.5
https://ataviaweddings.com/venues/missouri/pleasant-hill/,0,2,0%,46
https://www.ataviaweddings.com/venues/alabama/albertville/the-lumpkin-house,0,2,0%,46.5
https://ataviaweddings.com/venues/florida/winter-haven/,0,2,0%,48
https://www.ataviaweddings.com/venues/utah/provo/velour-live-music-gallery,0,2,0%,48
https://ataviaweddings.com/venues/virginia/richmond/red-bird-social,0,2,0%,48.5
https://www.ataviaweddings.com/venues/missouri/st-louis/the-franklin-of-soulard,0,2,0%,48.5
https://www.ataviaweddings.com/venues/florida/winter-haven/,0,2,0%,50.5
https://www.ataviaweddings.com/venues/north-carolina/julian/,0,2,0%,50.5
https://ataviaweddings.com/venues/maine/stockton-springs/frenchs-point,0,2,0%,52.5
https://www.ataviaweddings.com/venues/new-york/buffalo/larkin-square,0,2,0%,52.5
https://ataviaweddings.com/venues/california/paso-robles/allegretto-vineyard-resort-paso-robles,0,2,0%,53
https://www.ataviaweddings.com/venues/florida/sarasota/cirque-st-armands-beachside,0,2,0%,54
https://ataviaweddings.com/venues/california/bakersfield/riverfront-manor,0,2,0%,56.5
https://ataviaweddings.com/venues/tennessee/franklin/liberty-hall,0,2,0%,57.5
https://www.ataviaweddings.com/venues/indiana/indianapolis/bottleworks-hotel,0,2,0%,57.5
https://ataviaweddings.com/venues/massachusetts/plymouth/the-pavilion-at-pinehills,0,2,0%,59
https://www.ataviaweddings.com/venues/massachusetts/duxbury/,0,2,0%,60
https://www.ataviaweddings.com/venues/tennessee/arrington/,0,2,0%,61.5
https://ataviaweddings.com/venues/new-york/east-syracuse/prettyandpink-party-planning,0,2,0%,65.5
https://ataviaweddings.com/venues/utah/layton/oak-hills-reception-and-event-center,0,2,0%,67
https://www.ataviaweddings.com/venues/ohio/marion/the-brickyard-on-main,0,2,0%,73.5
https://www.ataviaweddings.com/venues/alabama/fayetteville/,0,2,0%,79.5
https://ataviaweddings.com/venues/colorado/colorado-springs/venetucci-farm,0,2,0%,86
https://ataviaweddings.com/venues/district-of-columbia/rockville/,0,2,0%,87.5
https://www.ataviaweddings.com/venues/kentucky/louisville/the-woods-at-cedar-springs,0,2,0%,91.5
https://ataviaweddings.com/venues/colorado/vail/the-amp-vail-gerald-r-ford-amphitheater-official-website,0,2,0%,92.5
https://ataviaweddings.com/venues/iowa/dallas-center/,0,1,0%,1
https://ataviaweddings.com/venues/minnesota/brule/,0,1,0%,1
https://ataviaweddings.com/venues/texas/westlake/,0,1,0%,1
https://ataviaweddings.com/venues/florida/orlando/dockside-lake-nona,0,1,0%,2
https://ataviaweddings.com/venues/north-carolina/mocksville/boxwood-estate,0,1,0%,2
https://ataviaweddings.com/venues/idaho/boise/treefort-music-hall,0,1,0%,3
https://www.ataviaweddings.com/post/storytelling-wedding-photography-what-couples-should-know,0,1,0%,3
https://www.ataviaweddings.com/venues/maryland/easton/,0,1,0%,3
https://www.ataviaweddings.com/venues/missouri/columbia/stoney-creek-hotel-columbia-university-area,0,1,0%,3
https://www.ataviaweddings.com/venues/connecticut/new-haven/canal-dock-boathouse,0,1,0%,4
https://www.ataviaweddings.com/venues/georgia/savannah/garden-assembly-room,0,1,0%,4
https://www.ataviaweddings.com/venues/oregon/burns/,0,1,0%,4
https://ataviaweddings.com/venues/colorado/vail/the-ritz-carlton-club-vail,0,1,0%,5
https://ataviaweddings.com/venues/new-mexico/santa-fe/hilton-santa-fe-historic-plaza,0,1,0%,5
https://ataviaweddings.com/venues/pennsylvania/ulster/windswept-farm-weddings,0,1,0%,5
https://www.ataviaweddings.com/venues/iowa/wilton/the-barn-at-bunker-hill,0,1,0%,5
https://ataviaweddings.com/venues/florida/seffner/mill-pond-estate,0,1,0%,6
https://ataviaweddings.com/venues/hawaii/honolulu/x,0,1,0%,6
https://www.ataviaweddings.com/venues/indiana/newburgh/knob-hill-house,0,1,0%,6
https://www.ataviaweddings.com/venues/north-carolina/hendersonville/cabin-heaven,0,1,0%,6
https://www.ataviaweddings.com/venues/texas/alvin/,0,1,0%,6
https://ataviaweddings.com/venues/california/los-alamos/the-makers-son,0,1,0%,7
https://ataviaweddings.com/venues/indiana/sherwood/crystal-fountain-park,0,1,0%,7
https://ataviaweddings.com/venues/kansas/mission/,0,1,0%,7
https://ataviaweddings.com/venues/massachusetts/plymouth/john-alden-sportsmans-club,0,1,0%,7
https://ataviaweddings.com/venues/michigan/manistee/,0,1,0%,7
https://ataviaweddings.com/venues/oregon/bend/midtown-ballroom-domino-room-annex,0,1,0%,7
https://ataviaweddings.com/venues/vermont/essex-junction/,0,1,0%,7
https://www.ataviaweddings.com/venues/california/long-beach/recreation-park-golf-course-18,0,1,0%,7
https://www.ataviaweddings.com/venues/florida/dade-city/the-wallace-ranch,0,1,0%,7
https://www.ataviaweddings.com/venues/indiana/south-bend/the-oliver-inn-bed-and-breakfast,0,1,0%,7
https://ataviaweddings.com/venues/ohio/chagrin-falls/,0,1,0%,8
https://ataviaweddings.com/venues/west-virginia/beckley/,0,1,0%,8
https://www.ataviaweddings.com/venues/california/costa-mesa/sunsation-venue,0,1,0%,8
https://www.ataviaweddings.com/venues/indiana/newburgh/studio-eden,0,1,0%,8
https://www.ataviaweddings.com/venues/michigan/manistee/,0,1,0%,8
https://www.ataviaweddings.com/venues/north-carolina/mills-river/luxe-glass-house,0,1,0%,8
https://www.ataviaweddings.com/venues/south-dakota/sioux-falls/casetta,0,1,0%,8
https://ataviaweddings.com/venues/arkansas/springdale/,0,1,0%,9
https://ataviaweddings.com/venues/delaware/magnolia/jonathans-landing-public-golf-and-event-venue,0,1,0%,9
https://ataviaweddings.com/venues/tennessee/limestone/,0,1,0%,9
https://www.ataviaweddings.com/venues/california/berkeley/easton-hall-conference-center,0,1,0%,9
https://www.ataviaweddings.com/venues/florida/tampa/the-oaks-at-st-marks-event-venue,0,1,0%,9
https://www.ataviaweddings.com/venues/louisiana/maurice/woodlawn-chapel-acadiana,0,1,0%,9
https://www.ataviaweddings.com/venues/maine/newport/,0,1,0%,9
https://www.ataviaweddings.com/venues/ohio/columbus/the-garden-villa-columbus,0,1,0%,9
https://ataviaweddings.com/venues/california/mentone/mill-creek-cattle-company,0,1,0%,10
https://ataviaweddings.com/venues/connecticut/new-rochelle/greentree-country-club,0,1,0%,10
https://ataviaweddings.com/venues/indiana/walton/ember-wood-events-center,0,1,0%,10
https://ataviaweddings.com/venues/new-jersey/brielle/the-river-queen-private-events,0,1,0%,10
https://ataviaweddings.com/venues/new-mexico/albuquerque/tramway-plaza-event-center,0,1,0%,10
https://ataviaweddings.com/venues/north-carolina/chapel-hill/sancar-turkish-cultural-and-community-center-stccc,0,1,0%,10
https://ataviaweddings.com/venues/tennessee/cohutta/,0,1,0%,10
https://ataviaweddings.com/venues/texas/burleson/unity-ranch-burleson,0,1,0%,10
https://www.ataviaweddings.com/venues/louisiana/saint-gabriel/gabriels-house-of-events,0,1,0%,10
https://www.ataviaweddings.com/venues/mississippi/petal/the-venue-at-roseoak,0,1,0%,10
https://www.ataviaweddings.com/venues/new-york/new-york/perfect-wedding-nyc,0,1,0%,10
https://www.ataviaweddings.com/venues/oregon/aurora/langdon-farms-golf-club-weddings,0,1,0%,10
"https://ataviaweddings.com/book/?venue=Mellon 
Acres&from=/venues/missouri/lawson/mellon-acres",0,1,0%,11
https://ataviaweddings.com/venues/arizona/phoenix/the-oasis-at-2828,0,1,0%,11
https://ataviaweddings.com/venues/arizona/tucson/valley-of-the-moon,0,1,0%,11
https://ataviaweddings.com/venues/california/felton/fern-river-resort,0,1,0%,11
https://ataviaweddings.com/venues/nebraska/grand-island/the-falconwood-at-beaver-island-state-park,0,1,0%,11
https://ataviaweddings.com/venues/new-york/brooklyn/dyker-beach-golf-course-catering-hall,0,1,0%,11
https://ataviaweddings.com/venues/pennsylvania/newburg/,0,1,0%,11
https://www.ataviaweddings.com/venues/new-york/syracuse/skybarn-syracuse-university,0,1,0%,11
https://ataviaweddings.com/venues/north-carolina/mills-river/luxe-glass-house,0,1,0%,12
https://www.ataviaweddings.com/venues/new-york/ithaca/hangar-theatre,0,1,0%,12
https://www.ataviaweddings.com/venues/oregon/carlton/abbey-road-farm,0,1,0%,12
https://ataviaweddings.com/venues/florida/monticello/,0,1,0%,13
https://ataviaweddings.com/venues/indiana/wadesville/knights-home-st-wendel,0,1,0%,13
https://ataviaweddings.com/venues/massachusetts/new-boston/,0,1,0%,13
https://ataviaweddings.com/venues/mississippi/hattiesburg/the-white-rose-at-waterloo-farms,0,1,0%,13
https://www.ataviaweddings.com/venues/nevada/henderson/,0,1,0%,13
https://www.ataviaweddings.com/venues/vermont/arlington/,0,1,0%,13
https://ataviaweddings.com/venues/colorado/wheat-ridge/,0,1,0%,14
https://ataviaweddings.com/venues/oregon/burns/,0,1,0%,14
https://www.ataviaweddings.com/venues/ohio/akron/quaker-station,0,1,0%,14
https://www.ataviaweddings.com/venues/nebraska/waterloo/a-view-west-shores,0,1,0%,15
https://ataviaweddings.com/venues/arkansas/mountain-pine/,0,1,0%,16
https://ataviaweddings.com/venues/florida/sarasota/sand-petal-weddings-and-beach-receptions,0,1,0%,16
https://ataviaweddings.com/venues/oregon/yamhill/rebers-riverside,0,1,0%,16
https://www.ataviaweddings.com/venues/georgia/statham/the-georgia-club,0,1,0%,16
https://www.ataviaweddings.com/venues/texas/burleson/unity-ranch-burleson,0,1,0%,16
https://www.ataviaweddings.com/venues/louisiana/benton/,0,1,0%,17
https://www.ataviaweddings.com/venues/virginia/richmond/,0,1,0%,17
https://ataviaweddings.com/venues/louisiana/scott/sunny-meade-wedding-and-reception-facility,0,1,0%,18
https://www.ataviaweddings.com/venues/new-york/woodbury/,0,1,0%,18
https://ataviaweddings.com/venues/california/tomales/stemple-creek-ranch-organic-ranch-wedding-and-event-venue,0,1,0%,19
https://www.ataviaweddings.com/venues/florida/st-augustine/chandler-oaks-barn,0,1,0%,20
https://ataviaweddings.com/venues/north-carolina/new-hill/,0,1,0%,21
https://ataviaweddings.com/venues/texas/whitewright/best-day-ever-ranch,0,1,0%,22
https://www.ataviaweddings.com/venues/florida/miami/vignette-gardens,0,1,0%,22
https://www.ataviaweddings.com/venues/ohio/fremont/,0,1,0%,22
https://www.ataviaweddings.com/venues/vermont/winooski/waterworks-food-drink,0,1,0%,24
https://ataviaweddings.com/venues/indiana/indianapolis/bottleworks-hotel,0,1,0%,25
https://www.ataviaweddings.com/venues/pennsylvania/harrisburg/the-manor-at-mountain-view,0,1,0%,25
https://ataviaweddings.com/venues/north-carolina/selma/,0,1,0%,26
https://ataviaweddings.com/venues/california/la-ca-ada-flintridge/,0,1,0%,27
https://www.ataviaweddings.com/venues/arizona/tucson/the-venue-event-and-conference-center,0,1,0%,27
https://ataviaweddings.com/venues/virginia/troutville/stoney-brook-vineyards-and-winery,0,1,0%,28
"https://ataviaweddings.com/book/?venue=Gather 
Cincy&from=/venues/kentucky/cincinnati/gather-cincy",0,1,0%,29
https://www.ataviaweddings.com/venues/montana/kalispell/holt-stage-hideaway,0,1,0%,30
https://www.ataviaweddings.com/venues/texas/aubrey/morgan-creek-barn-aubrey,0,1,0%,31
https://www.ataviaweddings.com/venues/pennsylvania/new-cumberland/the-event-cafe,0,1,0%,32
https://www.ataviaweddings.com/venues/texas/new-braunfels/gruene-hall,0,1,0%,33
https://ataviaweddings.com/venues/maryland/myersville/,0,1,0%,34
https://ataviaweddings.com/venues/washington/orting/,0,1,0%,35
https://ataviaweddings.com/venues/washington/buckley/brookstom-creek-weddings-and-events-venue,0,1,0%,37
https://www.ataviaweddings.com/venues/north-carolina/new-hill/,0,1,0%,38
https://www.ataviaweddings.com/venues/tennessee/franklin/cjs-off-the-square,0,1,0%,41
https://ataviaweddings.com/venues/california/long-beach/events-on-pine,0,1,0%,44
https://ataviaweddings.com/venues/washington/college-place/,0,1,0%,45
https://www.ataviaweddings.com/venues/new-york/huntington/oheka-castle,0,1,0%,47
https://ataviaweddings.com/venues/kentucky/bethpage/,0,1,0%,53
https://ataviaweddings.com/venues/california/westport/,0,1,0%,56
https://ataviaweddings.com/venues/iowa/des-moines/salisbury-house-and-gardens,0,1,0%,59
https://www.ataviaweddings.com/venues/california/south-san-francisco/dominics-at-oyster-point,0,1,0%,60
https://www.ataviaweddings.com/venues/virginia/virginia-beach/the-lesner-inn,0,1,0%,61
https://www.ataviaweddings.com/venues/district-of-columbia/washington/the-st-regis-washington-d-c,0,1,0%,66
https://ataviaweddings.com/venues/delaware/rehoboth-beach/a-f-du-pont-memorial-house,0,1,0%,68
https://www.ataviaweddings.com/venues/virginia/chesterfield/wrexham-hall,0,1,0%,68
https://www.ataviaweddings.com/venues/new-hampshire/derry/birch-wood-vineyards-by-wedgewood-weddings,0,1,0%,72
https://ataviaweddings.com/venues/washington/castle-rock/,0,1,0%,79
https://www.ataviaweddings.com/venues/california/fresno/pacific-southwest-building,0,1,0%,82
https://www.ataviaweddings.com/venues/california/san-diego/darlington-house,0,1,0%,87
https://ataviaweddings.com/venues/new-jersey/chesterfield-township/,0,1,0%,90
https://www.ataviaweddings.com/venues/california/madera/the-margaux,0,1,0%,90
https://ataviaweddings.com/venues/indiana/bloomington/bloomington-country-club,0,1,0%,93
https://ataviaweddings.com/venues/minnesota/duluth/greysolon-by-black-woods,0,1,0%,95
https://ataviaweddings.com/venues/colorado/wolcott/4-eagle-ranch,0,1,0%,96
https://ataviaweddings.com/venues/north-carolina/newport/,0,1,0%,97
https://www.ataviaweddings.com/venues/california/montecito/rosewood-miramar-beach,0,1,0%,97