priority,name,vertical,city,state,metro,googleRating,googleReviewCount,phone,website,rovenProfileUrl,claimUrl
1,"ASI, The White Glove Guys",Home Services,San Diego,CA,San Diego,4.8,7431,(619) 350-3205,https://www.asiheatingandair.com/?utm_source=google&utm_medium=gmb&utm_campaign=ASI_ORG_EVER_A_GBP_Listing_SanDiego,https://rovenhr.com/business/san_diego/asi-the-white-glove-guys-chijp8,"https://rovenhr.com/contact.html?claim=ASI,%20The%20White%20Glove%20Guys&metro=San%20Diego"
2,"Anderson Plumbing, Heating & Air",Home Services,San Diego,CA,San Diego,4.8,6342,(619) 320-1884,https://www.andersonplumbingheatingandair.com/service-areas/san-diego/?utm_source=google&utm_medium=organic&utm_campaign=GMBListing-San-Diego-California,https://rovenhr.com/business/san_diego/anderson-plumbing-heating-air-chij_e,"https://rovenhr.com/contact.html?claim=Anderson%20Plumbing,%20Heating%20&%20Air&metro=San%20Diego"
3,"Bill Howe Plumbing, Heating & Air, Restoration & Flood Services",Home Services,San Diego,CA,San Diego,4.8,5755,(619) 317-1809,https://www.billhowe.com/?utm_source=google&utm_medium=organic&utm_campaign=GMB_SanDiego,https://rovenhr.com/business/san_diego/bill-howe-plumbing-heating-air-restoration-flood-services-chij7s,"https://rovenhr.com/contact.html?claim=Bill%20Howe%20Plumbing,%20Heating%20&%20Air,%20Restoration%20&%20Flood%20Services&metro=San%20Diego"
4,All American Plumbing Inc.,Home Services,Poway,CA,San Diego,5,1749,(858) 842-7876,http://plumbing-sandiego.net/,https://rovenhr.com/business/san_diego/all-american-plumbing-inc-chijw3,https://rovenhr.com/contact.html?claim=All%20American%20Plumbing%20Inc.&metro=San%20Diego
5,Mesa Dental,Dental & Medical,San Diego,CA,San Diego,4.9,1815,(858) 877-9540,https://mesadentalsd.com/,https://rovenhr.com/business/san_diego/mesa-dental-chijn1,https://rovenhr.com/contact.html?claim=Mesa%20Dental&metro=San%20Diego
6,United Plumbing Heating Air & Electric,Home Services,San Diego,CA,San Diego,4.9,1728,(858) 215-6765,https://localunitedservices.com/?utm_source=local&utm_medium=organic&utm_campaign=gmb,https://rovenhr.com/business/san_diego/united-plumbing-heating-air-electric-chijxw,https://rovenhr.com/contact.html?claim=United%20Plumbing%20Heating%20Air%20&%20Electric&metro=San%20Diego
7,"Guthrie & Sons Heating, Air and Solar",Home Services,San Diego,CA,San Diego,4.9,1611,(619) 257-2204,https://www.guthrieandsons.com/?utm_source=google&utm_medium=organic&utm_campaign=GMBListing-San-Diego-CA,https://rovenhr.com/business/san_diego/guthrie-sons-heating-air-and-solar-chijqt,"https://rovenhr.com/contact.html?claim=Guthrie%20&%20Sons%20Heating,%20Air%20and%20Solar&metro=San%20Diego"
8,Elite Rooter Plumbers,Home Services,San Diego,CA,San Diego,4.8,2689,(619) 626-1272,https://www.eliterooter.com/location/san-diego/?utm_source=google&utm_medium=organic&utm_campaign=gmb,https://rovenhr.com/business/san_diego/elite-rooter-plumbers-chije1,https://rovenhr.com/contact.html?claim=Elite%20Rooter%20Plumbers&metro=San%20Diego
9,Bob Jenson,Home Services,San Diego,CA,San Diego,4.9,1477,(619) 440-5634,https://bobjenson.com/?utm_source=gmb&utm_medium=organic,https://rovenhr.com/business/san_diego/bob-jenson-chijpt,https://rovenhr.com/contact.html?claim=Bob%20Jenson&metro=San%20Diego
10,"Same Day Heating, Cooling, Plumbing",Home Services,San Diego,CA,San Diego,4.8,1802,(619) 486-3325,https://samedaysd.com/,https://rovenhr.com/business/san_diego/same-day-heating-cooling-plumbing-chijv4,"https://rovenhr.com/contact.html?claim=Same%20Day%20Heating,%20Cooling,%20Plumbing&metro=San%20Diego"
11,One Hour Heating & Air Conditioning,Home Services,San Diego,CA,San Diego,4.9,990,(619) 736-2038,https://onehoursd.com/,https://rovenhr.com/business/san_diego/one-hour-heating-air-conditioning-chij4w,https://rovenhr.com/contact.html?claim=One%20Hour%20Heating%20&%20Air%20Conditioning&metro=San%20Diego
12,Black Mountain Plumbing,Home Services,San Diego,CA,San Diego,4.8,1638,(858) 536-4161,https://blackmountainplumbing.com/?utm_source=google_profile&utm_campaign=localo&utm_medium=mainlink,https://rovenhr.com/business/san_diego/black-mountain-plumbing-chij3d,https://rovenhr.com/contact.html?claim=Black%20Mountain%20Plumbing&metro=San%20Diego
13,Singing Hills Dentistry San Diego,Dental & Medical,San Diego,CA,San Diego,5,605,(858) 272-5588,https://www.sandiegodentistnearme.com/?utm_source=google&utm_medium=google_business_profile&utm_campaign=website_click,https://rovenhr.com/business/san_diego/singing-hills-dentistry-san-diego-chij5x,https://rovenhr.com/contact.html?claim=Singing%20Hills%20Dentistry%20San%20Diego&metro=San%20Diego
14,Ascend Plumbing,Home Services,San Diego,CA,San Diego,5,591,(858) 800-1141,https://ascendplumbing.com/,https://rovenhr.com/business/san_diego/ascend-plumbing-chijfb,https://rovenhr.com/contact.html?claim=Ascend%20Plumbing&metro=San%20Diego
15,Perry Plumbing & Pipelining,Home Services,El Cajon,CA,San Diego,4.9,920,(619) 472-2112,https://perryplumbing.com/,https://rovenhr.com/business/san_diego/perry-plumbing-pipelining-chijoq,https://rovenhr.com/contact.html?claim=Perry%20Plumbing%20&%20Pipelining&metro=San%20Diego
16,Airmaxx,Home Services,El Cajon,CA,San Diego,4.9,917,(619) 655-3010,https://airmaxx.com/?utm_campaign=gmb,https://rovenhr.com/business/san_diego/airmaxx-chij5w,https://rovenhr.com/contact.html?claim=Airmaxx&metro=San%20Diego
17,San Diego Smile Pros,Dental & Medical,San Diego,CA,San Diego,5,578,(619) 291-5266,http://www.sandiegosmilepros.com/,https://rovenhr.com/business/san_diego/san-diego-smile-pros-chijl3,https://rovenhr.com/contact.html?claim=San%20Diego%20Smile%20Pros&metro=San%20Diego
18,San Diego Dental Studio,Dental & Medical,San Diego,CA,San Diego,5,556,(858) 457-4100,http://www.sandiegodentalstudio.com/,https://rovenhr.com/business/san_diego/san-diego-dental-studio-chijlf,https://rovenhr.com/contact.html?claim=San%20Diego%20Dental%20Studio&metro=San%20Diego
19,Core Plumbing,Home Services,San Diego,CA,San Diego,4.8,1403,(858) 295-7746,https://coreplumbingsd.com/?utm_campaign=gmb,https://rovenhr.com/business/san_diego/core-plumbing-chij6r,https://rovenhr.com/contact.html?claim=Core%20Plumbing&metro=San%20Diego
20,EZ Breezy Heating & Air,Home Services,San Diego,CA,San Diego,5,529,(858) 215-2995,https://www.ezbreezyac.com/,https://rovenhr.com/business/san_diego/ez-breezy-heating-air-chijyz,https://rovenhr.com/contact.html?claim=EZ%20Breezy%20Heating%20&%20Air&metro=San%20Diego
21,SmileStyle Dental Studio,Dental & Medical,San Diego,CA,San Diego,5,478,(619) 285-0950,https://www.smilestylestudio.com/?utm_source=google&utm_medium=organic&utm_campaign=gbp-listing,https://rovenhr.com/business/san_diego/smilestyle-dental-studio-chijrv,https://rovenhr.com/contact.html?claim=SmileStyle%20Dental%20Studio&metro=San%20Diego
22,Mira Mesa Dental & Implants,Dental & Medical,San Diego,CA,San Diego,5,450,(858) 566-5050,http://www.miramesadental.com/,https://rovenhr.com/business/san_diego/mira-mesa-dental-implants-chij1q,https://rovenhr.com/contact.html?claim=Mira%20Mesa%20Dental%20&%20Implants&metro=San%20Diego
23,Rio Vista Family Dentistry,Dental & Medical,San Diego,CA,San Diego,4.9,696,(619) 344-8294,https://www.riovistafamilydentistry.com/?utm_source=google&utm_medium=organic&utm_campaign=gbp-listing,https://rovenhr.com/business/san_diego/rio-vista-family-dentistry-chij79,https://rovenhr.com/contact.html?claim=Rio%20Vista%20Family%20Dentistry&metro=San%20Diego
24,"Exodus Plumbing, Inc",Home Services,San Diego,CA,San Diego,4.9,691,(858) 354-8185,https://www.exodusplumbing.com/,https://rovenhr.com/business/san_diego/exodus-plumbing-inc-chijyd,"https://rovenhr.com/contact.html?claim=Exodus%20Plumbing,%20Inc&metro=San%20Diego"
25,PKA Photo & Video,Wedding & Events,San Diego,CA,San Diego,5,446,(619) 948-2826,http://www.pkaphoto.com/,https://rovenhr.com/business/san_diego/pka-photo-video-chij21,https://rovenhr.com/contact.html?claim=PKA%20Photo%20&%20Video&metro=San%20Diego
26,Carini Home Services,Home Services,San Diego,CA,San Diego,4.8,1087,(619) 332-5176,https://www.carinihome.com/?utm_campaign=gmb&utm_medium=organic&utm_source=gmb,https://rovenhr.com/business/san_diego/carini-home-services-chijr4,https://rovenhr.com/contact.html?claim=Carini%20Home%20Services&metro=San%20Diego
27,Friar's Plumbing Heating and AC Repair,Home Services,San Diego,CA,San Diego,4.9,656,(619) 317-1730,https://www.friarsair.com/ac-repair-san-diego-ca/?utm_source=gbp,https://rovenhr.com/business/san_diego/friar-s-plumbing-heating-and-ac-repair-chijpw,https://rovenhr.com/contact.html?claim=Friar's%20Plumbing%20Heating%20and%20AC%20Repair&metro=San%20Diego
28,A+ Family Dentistry,Dental & Medical,San Diego,CA,San Diego,4.8,1033,(619) 485-4330,https://aplusfamilydentistry.com/locations-2/san-diego/?utm_source=gmb&utm_medium=organic=GMB,https://rovenhr.com/business/san_diego/a-family-dentistry-chijgq,https://rovenhr.com/contact.html?claim=A+%20Family%20Dentistry&metro=San%20Diego
29,Sky Clean Air,Home Services,San Diego,CA,San Diego,4.9,627,(858) 943-4839,https://skycleanair.com/?utm_campaign=gmb,https://rovenhr.com/business/san_diego/sky-clean-air-chij67,https://rovenhr.com/contact.html?claim=Sky%20Clean%20Air&metro=San%20Diego
30,Bay Park Dental Group,Dental & Medical,San Diego,CA,San Diego,4.9,626,(619) 276-0963,http://www.bayparkdental.com/,https://rovenhr.com/business/san_diego/bay-park-dental-group-chijqc,https://rovenhr.com/contact.html?claim=Bay%20Park%20Dental%20Group&metro=San%20Diego
31,American Plumbing Co | Plumber in San Diego,Home Services,San Diego,CA,San Diego,5,380,(619) 723-1114,https://plumbersandiegoonline.com/,https://rovenhr.com/business/san_diego/american-plumbing-co-plumber-in-san-diego-chij_3,https://rovenhr.com/contact.html?claim=American%20Plumbing%20Co%20|%20Plumber%20in%20San%20Diego&metro=San%20Diego
32,Fifth Avenue Dental Arts,Dental & Medical,San Diego,CA,San Diego,4.8,935,(619) 233-3338,https://mydentistsandiego.com/?UTM_source=GMB_listing&UTM_medium=organic,https://rovenhr.com/business/san_diego/fifth-avenue-dental-arts-chijd7,https://rovenhr.com/contact.html?claim=Fifth%20Avenue%20Dental%20Arts&metro=San%20Diego
33,Signature Dental Studio,Dental & Medical,San Diego,CA,San Diego,4.9,573,(619) 295-1512,https://signaturedentalstudiosd.com/,https://rovenhr.com/business/san_diego/signature-dental-studio-chijzq,https://rovenhr.com/contact.html?claim=Signature%20Dental%20Studio&metro=San%20Diego
34,Brighton Dental,Dental & Medical,San Diego,CA,San Diego,4.9,561,(619) 831-8559,http://www.brightondentalsd.com/,https://rovenhr.com/business/san_diego/brighton-dental-chij18,https://rovenhr.com/contact.html?claim=Brighton%20Dental&metro=San%20Diego
35,Frankie's Plumbing,Home Services,San Diego,CA,San Diego,5,321,(619) 395-5254,https://www.frankiesplumbing.us/,https://rovenhr.com/business/san_diego/frankie-s-plumbing-chijv4,https://rovenhr.com/contact.html?claim=Frankie's%20Plumbing&metro=San%20Diego
36,Mission Valley Dental Arts,Dental & Medical,San Diego,CA,San Diego,4.9,472,(619) 348-6448,https://www.missionvalleydentalarts.com/?utm_source=GMB&utm_medium=organic&utm_campaign=DevOptimization&utm_content=Website,https://rovenhr.com/business/san_diego/mission-valley-dental-arts-chijgf,https://rovenhr.com/contact.html?claim=Mission%20Valley%20Dental%20Arts&metro=San%20Diego
37,The Art of Dentistry,Dental & Medical,San Diego,CA,San Diego,5,312,(619) 492-4514,https://www.sandiegoartofdentistry.com/?utm_source=GBP&utm_medium=GBP&utm_campaign=GBP_San_Diego&utm_id=GBP_San_Diego,https://rovenhr.com/business/san_diego/the-art-of-dentistry-chijcx,https://rovenhr.com/contact.html?claim=The%20Art%20of%20Dentistry&metro=San%20Diego
38,Carmel Valley Dental,Dental & Medical,San Diego,CA,San Diego,4.9,439,(858) 755-3780,https://carmelvalleydental.com/,https://rovenhr.com/business/san_diego/carmel-valley-dental-chijux,https://rovenhr.com/contact.html?claim=Carmel%20Valley%20Dental&metro=San%20Diego
39,Smith & Sons Heating and Air Inc.,Home Services,San Diego,CA,San Diego,5,291,(619) 251-9285,https://smithandsonsheatandair.com/,https://rovenhr.com/business/san_diego/smith-sons-heating-and-air-inc-chijuu,https://rovenhr.com/contact.html?claim=Smith%20&%20Sons%20Heating%20and%20Air%20Inc.&metro=San%20Diego
40,Paws Plumbing,Home Services,San Diego,CA,San Diego,4.9,411,(858) 758-3267,https://www.pawsplumbing.com/?utm_campaign=gmb,https://rovenhr.com/business/san_diego/paws-plumbing-chije1,https://rovenhr.com/contact.html?claim=Paws%20Plumbing&metro=San%20Diego
41,Rancho San Diego Dentists,Dental & Medical,La Mesa,CA,San Diego,4.8,626,(619) 729-2323,https://www.ranchosandiegodentists.com/?sc_cid=GBP%3AO%3AGP%3A424%3AOrganic_Search%3AGeneral%3Ana&_vsrefdom=organic_gbp&y_source=1_MjUyOTM5OC03MTUtbG9jYXRpb24ud2Vic2l0ZQ%3D%3D,https://rovenhr.com/business/san_diego/rancho-san-diego-dentists-chijib,https://rovenhr.com/contact.html?claim=Rancho%20San%20Diego%20Dentists&metro=San%20Diego
42,"Collins Pacific Plumbing, Inc.",Home Services,San Diego,CA,San Diego,4.9,391,(858) 361-4140,http://collinspacific.com/,https://rovenhr.com/business/san_diego/collins-pacific-plumbing-inc-chijt2,"https://rovenhr.com/contact.html?claim=Collins%20Pacific%20Plumbing,%20Inc.&metro=San%20Diego"
43,Action Air Conditioning & Heating,Home Services,San Diego,CA,San Diego,4.9,390,(858) 294-1362,https://actionac.net/?utm_source=google&utm_medium=gbp,https://rovenhr.com/business/san_diego/action-air-conditioning-heating-chijxt,https://rovenhr.com/contact.html?claim=Action%20Air%20Conditioning%20&%20Heating&metro=San%20Diego
44,"JG Water Heaters, Filtration and Plumbing",Home Services,San Diego,CA,San Diego,5,258,(858) 295-1005,https://jgwaterheaters.com/,https://rovenhr.com/business/san_diego/jg-water-heaters-filtration-and-plumbing-chijx8,"https://rovenhr.com/contact.html?claim=JG%20Water%20Heaters,%20Filtration%20and%20Plumbing&metro=San%20Diego"
45,Liberty Station Orthodontics,Dental & Medical,San Diego,CA,San Diego,5,257,(619) 598-0709,http://www.libertystationortho.com/?utm_source=google&utm_medium=organic&utm_campaign=gbp-listing,https://rovenhr.com/business/san_diego/liberty-station-orthodontics-chij50,https://rovenhr.com/contact.html?claim=Liberty%20Station%20Orthodontics&metro=San%20Diego
46,Valley Vista Dental Center,Dental & Medical,San Diego,CA,San Diego,5,256,(858) 277-4453,https://www.valleyvistadentalcenter.com/?utm_source=google&utm_medium=organic&utm_campaign=gbp-listing,https://rovenhr.com/business/san_diego/valley-vista-dental-center-chij1c,https://rovenhr.com/contact.html?claim=Valley%20Vista%20Dental%20Center&metro=San%20Diego
47,"John Padilla Plumbing, Sewer and Drains",Home Services,San Diego,CA,San Diego,4.7,1001,(858) 905-7074,https://www.jpplumbers.com/,https://rovenhr.com/business/san_diego/john-padilla-plumbing-sewer-and-drains-chije1,"https://rovenhr.com/contact.html?claim=John%20Padilla%20Plumbing,%20Sewer%20and%20Drains&metro=San%20Diego"
48,Modern Dentistry,Dental & Medical,San Diego,CA,San Diego,4.9,372,(858) 771-8358,https://www.drmojaver.com/?utm_campaign=gmb,https://rovenhr.com/business/san_diego/modern-dentistry-chijw8,https://rovenhr.com/contact.html?claim=Modern%20Dentistry&metro=San%20Diego
49,Cabrillo Dental,Dental & Medical,San Diego,CA,San Diego,4.9,367,(858) 277-9300,http://www.cabrillodental.com/,https://rovenhr.com/business/san_diego/cabrillo-dental-chijly,https://rovenhr.com/contact.html?claim=Cabrillo%20Dental&metro=San%20Diego
50,Stable Temp HVAC,Home Services,San Diego,CA,San Diego,4.9,365,(858) 766-5520,http://stabletemphvac.com/,https://rovenhr.com/business/san_diego/stable-temp-hvac-chijrx,https://rovenhr.com/contact.html?claim=Stable%20Temp%20HVAC&metro=San%20Diego
51,Marcos Ortega DDS,Dental & Medical,San Diego,CA,San Diego,5,245,(619) 295-4545,https://www.mysandiegosmiles.com/,https://rovenhr.com/business/san_diego/marcos-ortega-dds-chije7,https://rovenhr.com/contact.html?claim=Marcos%20Ortega%20DDS&metro=San%20Diego
52,Willmus Weddings,Wedding & Events,San Diego,CA,San Diego,5,242,(760) 475-1270,http://www.willmusweddings.com/,https://rovenhr.com/business/san_diego/willmus-weddings-chij21,https://rovenhr.com/contact.html?claim=Willmus%20Weddings&metro=San%20Diego
53,Air Plus Heating & Cooling,Home Services,San Diego,CA,San Diego,4.9,349,(858) 505-8711,https://airplusmechanical.com/,https://rovenhr.com/business/san_diego/air-plus-heating-cooling-chijds,https://rovenhr.com/contact.html?claim=Air%20Plus%20Heating%20&%20Cooling&metro=San%20Diego
54,"Morey Plumbing, Heating, & Cooling, Inc.",Home Services,San Diego,CA,San Diego,5,222,(858) 505-4500,https://www.moreyphc.com/,https://rovenhr.com/business/san_diego/morey-plumbing-heating-cooling-inc-chijzy,"https://rovenhr.com/contact.html?claim=Morey%20Plumbing,%20Heating,%20&%20Cooling,%20Inc.&metro=San%20Diego"
55,Rancho San Diego Dental,Dental & Medical,El Cajon,CA,San Diego,4.8,503,(619) 670-5571,https://ranchosandiegodental.com/,https://rovenhr.com/business/san_diego/rancho-san-diego-dental-chijvy,https://rovenhr.com/contact.html?claim=Rancho%20San%20Diego%20Dental&metro=San%20Diego
56,3rd Avenue Complete Family Dental,Dental & Medical,San Diego,CA,San Diego,4.8,491,(619) 677-6133,https://3rdavedentistry.com/?utm_source=GMB&utm_medium=organic&utm_campaign=DevOptimization&utm_content=Website,https://rovenhr.com/business/san_diego/3rd-avenue-complete-family-dental-chijvc,https://rovenhr.com/contact.html?claim=3rd%20Avenue%20Complete%20Family%20Dental&metro=San%20Diego
57,I-Orthodontics San Diego formerly Moser Orthodontics,Dental & Medical,San Diego,CA,San Diego,5,214,(858) 756-6878,https://www.iorthosd.com/,https://rovenhr.com/business/san_diego/i-orthodontics-san-diego-formerly-moser-orthodontics-chij2s,https://rovenhr.com/contact.html?claim=I-Orthodontics%20San%20Diego%20formerly%20Moser%20Orthodontics&metro=San%20Diego
58,Almco Plumbing & Drain Services San Diego,Home Services,San Diego,CA,San Diego,4.9,312,(858) 544-6331,https://almcoplumbing.com/gmb/,https://rovenhr.com/business/san_diego/almco-plumbing-drain-services-san-diego-chijt6,https://rovenhr.com/contact.html?claim=Almco%20Plumbing%20&%20Drain%20Services%20San%20Diego&metro=San%20Diego
59,Espire Dental Mission Valley,Dental & Medical,San Diego,CA,San Diego,4.9,303,(619) 768-8933,https://espiredental.com/ca/locations/mission-valley-ca/,https://rovenhr.com/business/san_diego/espire-dental-mission-valley-chijl3,https://rovenhr.com/contact.html?claim=Espire%20Dental%20Mission%20Valley&metro=San%20Diego
60,All Aloha Plumbing San Diego,Home Services,San Diego,CA,San Diego,4.9,298,(619) 776-3312,https://callallaloha.com/,https://rovenhr.com/business/san_diego/all-aloha-plumbing-san-diego-chijmv,https://rovenhr.com/contact.html?claim=All%20Aloha%20Plumbing%20San%20Diego&metro=San%20Diego
61,True Value Plumbing Inc.,Home Services,National City,CA,San Diego,4.9,296,(619) 348-5409,http://truevalueplumbingsandiego.com/,https://rovenhr.com/business/san_diego/true-value-plumbing-inc-chijc6,https://rovenhr.com/contact.html?claim=True%20Value%20Plumbing%20Inc.&metro=San%20Diego
62,"New Smile Dentistry - San Diego, CA",Dental & Medical,San Diego,CA,San Diego,4.9,289,(858) 438-3665,https://newsmiledentistrysd.com/?utm_source=GoogleOrganic&utm_medium=GMBwebsite&utm_campaign=GMBWebsiteLink,https://rovenhr.com/business/san_diego/new-smile-dentistry-san-diego-ca-chij2e,"https://rovenhr.com/contact.html?claim=New%20Smile%20Dentistry%20-%20San%20Diego,%20CA&metro=San%20Diego"
63,Elite Orthodontics,Dental & Medical,San Diego,CA,San Diego,4.9,284,(858) 277-8080,http://eliteorthodonticsgroup.com/,https://rovenhr.com/business/san_diego/elite-orthodontics-chiju0,https://rovenhr.com/contact.html?claim=Elite%20Orthodontics&metro=San%20Diego
64,A/C Mechanical Sol Inc,Home Services,San Diego,CA,San Diego,4.9,282,(866) 226-3909,https://www.acandheating4you.com/,https://rovenhr.com/business/san_diego/a-c-mechanical-sol-inc-chijae,https://rovenhr.com/contact.html?claim=A/C%20Mechanical%20Sol%20Inc&metro=San%20Diego
65,San Diego Dental Group,Dental & Medical,San Diego,CA,San Diego,4.9,281,(858) 279-1004,http://www.sddentalgroup.com/,https://rovenhr.com/business/san_diego/san-diego-dental-group-chij5w,https://rovenhr.com/contact.html?claim=San%20Diego%20Dental%20Group&metro=San%20Diego
66,Alvarado Dental Group,Dental & Medical,San Diego,CA,San Diego,4.9,276,(619) 287-0990,http://www.alvaradodentalgroup.com/,https://rovenhr.com/business/san_diego/alvarado-dental-group-chijvb,https://rovenhr.com/contact.html?claim=Alvarado%20Dental%20Group&metro=San%20Diego
67,Harbor Dental,Dental & Medical,San Diego,CA,San Diego,4.9,265,(619) 604-9321,https://harbor.dental/?utm_source=google&utm_medium=organic&utm_campaign=gbp-listing,https://rovenhr.com/business/san_diego/harbor-dental-chijqx,https://rovenhr.com/contact.html?claim=Harbor%20Dental&metro=San%20Diego
68,Astray Photography: San Diego wedding Photographer & San Diego engagement photographer,Wedding & Events,San Diego,CA,San Diego,5,181,(951) 282-5732,https://www.astrayphotography.com/,https://rovenhr.com/business/san_diego/astray-photography-san-diego-wedding-photographer-san-diego--chijed,https://rovenhr.com/contact.html?claim=Astray%20Photography:%20San%20Diego%20wedding%20Photographer%20&%20San%20Diego%20engagement%20photographer&metro=San%20Diego
69,Dr. Melanie Orthodontics - San Diego,Dental & Medical,San Diego,CA,San Diego,5,180,(858) 613-3688,https://drmelanieorthodontics.com/,https://rovenhr.com/business/san_diego/dr-melanie-orthodontics-san-diego-chijmw,https://rovenhr.com/contact.html?claim=Dr.%20Melanie%20Orthodontics%20-%20San%20Diego&metro=San%20Diego
70,Balboa Dental Care,Dental & Medical,San Diego,CA,San Diego,5,179,(858) 244-9383,https://www.balboadental.com/locations/san-diego-office,https://rovenhr.com/business/san_diego/balboa-dental-care-chijw6,https://rovenhr.com/contact.html?claim=Balboa%20Dental%20Care&metro=San%20Diego
71,Blue Wave Dental Care,Dental & Medical,San Diego,CA,San Diego,4.9,253,(619) 224-3391,https://bluewavedentalcare.com/,https://rovenhr.com/business/san_diego/blue-wave-dental-care-chijhx,https://rovenhr.com/contact.html?claim=Blue%20Wave%20Dental%20Care&metro=San%20Diego
72,Portraits By Z | San Diego Boudoir & Maternity Photography,Wedding & Events,San Diego,CA,San Diego,5,170,(619) 514-3810,https://www.portraitsbyz.com/,https://rovenhr.com/business/san_diego/portraits-by-z-san-diego-boudoir-maternity-photography-chijjr,https://rovenhr.com/contact.html?claim=Portraits%20By%20Z%20|%20San%20Diego%20Boudoir%20&%20Maternity%20Photography&metro=San%20Diego
73,Comfort Air Conditioning & Heating,Home Services,San Diego,CA,San Diego,5,167,(858) 519-8003,https://www.comfortacandheating.com/?utm_source=google&utm_medium=organic&utm_campaign=gbp,https://rovenhr.com/business/san_diego/comfort-air-conditioning-heating-chijtt,https://rovenhr.com/contact.html?claim=Comfort%20Air%20Conditioning%20&%20Heating&metro=San%20Diego
74,Marina District Dentistry,Dental & Medical,San Diego,CA,San Diego,4.9,238,(619) 234-7222,https://www.marinadistrictdentistry.com/?utm_campaign=gmb,https://rovenhr.com/business/san_diego/marina-district-dentistry-chijz_,https://rovenhr.com/contact.html?claim=Marina%20District%20Dentistry&metro=San%20Diego
75,Emry Photography,Wedding & Events,Fallbrook,CA,San Diego,5,164,(303) 919-5249,http://emryphotography.com/,https://rovenhr.com/business/san_diego/emry-photography-chijkw,https://rovenhr.com/contact.html?claim=Emry%20Photography&metro=San%20Diego
76,Coastal Dental Arts,Dental & Medical,San Diego,CA,San Diego,4.8,340,(619) 786-3635,https://www.coastaldentalarts.com/?utm_source=google.com&utm_medium=business+profile,https://rovenhr.com/business/san_diego/coastal-dental-arts-chijsr,https://rovenhr.com/contact.html?claim=Coastal%20Dental%20Arts&metro=San%20Diego
77,Mr. Rooter Plumbing of San Diego County,Home Services,San Diego,CA,San Diego,4.7,553,(858) 278-7600,https://www.mrrooter.com/san-diego-county/,https://rovenhr.com/business/san_diego/mr-rooter-plumbing-of-san-diego-county-chijqq,https://rovenhr.com/contact.html?claim=Mr.%20Rooter%20Plumbing%20of%20San%20Diego%20County&metro=San%20Diego
78,Fraser Plumbing of San Diego,Home Services,San Diego,CA,San Diego,4.8,301,(619) 332-0275,https://fraserplumbinginc.com/,https://rovenhr.com/business/san_diego/fraser-plumbing-of-san-diego-chijrb,https://rovenhr.com/contact.html?claim=Fraser%20Plumbing%20of%20San%20Diego&metro=San%20Diego
79,"Carmel Valley Orthodontics, Dr. Parmis Sionit",Dental & Medical,San Diego,CA,San Diego,5,137,(858) 757-7645,https://carmelvalleyortho.com/,https://rovenhr.com/business/san_diego/carmel-valley-orthodontics-dr-parmis-sionit-chijgx,"https://rovenhr.com/contact.html?claim=Carmel%20Valley%20Orthodontics,%20Dr.%20Parmis%20Sionit&metro=San%20Diego"
80,Bella Vita Dental Hillcrest,Dental & Medical,San Diego,CA,San Diego,4.7,445,(619) 789-1785,https://www.bellavitadental.com/?y_source=1_MjAxMjkzOTc2OC03MTUtbG9jYXRpb24ud2Vic2l0ZQ%3D%3D,https://rovenhr.com/business/san_diego/bella-vita-dental-hillcrest-chij8y,https://rovenhr.com/contact.html?claim=Bella%20Vita%20Dental%20Hillcrest&metro=San%20Diego
81,Smile Mission Valley Dental Center,Dental & Medical,San Diego,CA,San Diego,4.8,278,(619) 439-0453,https://www.smilemissionvalley.com/,https://rovenhr.com/business/san_diego/smile-mission-valley-dental-center-chijdt,https://rovenhr.com/contact.html?claim=Smile%20Mission%20Valley%20Dental%20Center&metro=San%20Diego
82,Surf Bros HVAC,Home Services,San Diego,CA,San Diego,5,129,(619) 848-3133,https://www.surfbroshvac.com/,https://rovenhr.com/business/san_diego/surf-bros-hvac-chij88,https://rovenhr.com/contact.html?claim=Surf%20Bros%20HVAC&metro=San%20Diego
83,Khoa Photography,Wedding & Events,San Diego,CA,San Diego,5,129,(858) 519-4588,http://www.khoakhoa.com/,https://rovenhr.com/business/san_diego/khoa-photography-chijnb,https://rovenhr.com/contact.html?claim=Khoa%20Photography&metro=San%20Diego
84,Del Sur Ranch Dental,Dental & Medical,San Diego,CA,San Diego,4.7,437,(858) 759-2700,https://dsrdental.com/?utm_source=gbp&utm_medium=organic&utm_campaign=google-business-profile,https://rovenhr.com/business/san_diego/del-sur-ranch-dental-chije7,https://rovenhr.com/contact.html?claim=Del%20Sur%20Ranch%20Dental&metro=San%20Diego
85,Plumbing Tree,Home Services,San Diego,CA,San Diego,4.8,272,(858) 859-9555,https://plumbingtreesd.com/?utm_source=GMBmain&utm_medium=organic,https://rovenhr.com/business/san_diego/plumbing-tree-chijb2,https://rovenhr.com/contact.html?claim=Plumbing%20Tree&metro=San%20Diego
86,HVAC ASAP,Home Services,San Diego,CA,San Diego,5,128,(858) 788-1777,http://hvac-sdpro.com/,https://rovenhr.com/business/san_diego/hvac-asap-chij20,https://rovenhr.com/contact.html?claim=HVAC%20ASAP&metro=San%20Diego
87,Pristine Dental Group,Dental & Medical,San Diego,CA,San Diego,4.8,268,(619) 295-8891,https://pristinedentalsd.com/,https://rovenhr.com/business/san_diego/pristine-dental-group-chijn4,https://rovenhr.com/contact.html?claim=Pristine%20Dental%20Group&metro=San%20Diego
88,San Diego Dental Parlor,Dental & Medical,San Diego,CA,San Diego,5,120,(619) 582-3600,https://dentistsd.com/,https://rovenhr.com/business/san_diego/san-diego-dental-parlor-chij8c,https://rovenhr.com/contact.html?claim=San%20Diego%20Dental%20Parlor&metro=San%20Diego
89,"My Smile Orthodontics - Cheryl Guerrero, DDS",Dental & Medical,San Diego,CA,San Diego,4.9,168,(858) 755-8882,https://www.mysmileortho.com/,https://rovenhr.com/business/san_diego/my-smile-orthodontics-cheryl-guerrero-dds-chijsx,"https://rovenhr.com/contact.html?claim=My%20Smile%20Orthodontics%20-%20Cheryl%20Guerrero,%20DDS&metro=San%20Diego"
90,Bayside Dentistry,Dental & Medical,San Diego,CA,San Diego,5,114,(858) 274-8900,http://www.baysidedentalsd.com/,https://rovenhr.com/business/san_diego/bayside-dentistry-chij6y,https://rovenhr.com/contact.html?claim=Bayside%20Dentistry&metro=San%20Diego
91,Progressive Heating & Air,Home Services,San Diego,CA,San Diego,4.8,236,(858) 463-6753,https://www.progressiveairconditioning.com/?utm_source=google&utm_medium=organic&utm_campaign=gbp,https://rovenhr.com/business/san_diego/progressive-heating-air-chijss,https://rovenhr.com/contact.html?claim=Progressive%20Heating%20&%20Air&metro=San%20Diego
92,Ideal Plumbing Heating Air Electrical,Home Services,San Diego,CA,San Diego,4.8,230,(619) 320-5990,https://idealservice.com/?utm_source=google-gbp&utm_medium=organic&utm_campaign=*384*ideal-plumbing-san-diego,https://rovenhr.com/business/san_diego/ideal-plumbing-heating-air-electrical-chijft,https://rovenhr.com/contact.html?claim=Ideal%20Plumbing%20Heating%20Air%20Electrical&metro=San%20Diego
93,Reliable Standard Heating & Air,Home Services,San Diego,CA,San Diego,5,109,(858) 768-0322,http://reliablestandard.com/,https://rovenhr.com/business/san_diego/reliable-standard-heating-air-chij8w,https://rovenhr.com/contact.html?claim=Reliable%20Standard%20Heating%20&%20Air&metro=San%20Diego
94,Blue Diamond Heating and Air,Home Services,San Diego,CA,San Diego,5,107,(619) 586-6137,https://bluediamond.tech/,https://rovenhr.com/business/san_diego/blue-diamond-heating-and-air-chij29,https://rovenhr.com/contact.html?claim=Blue%20Diamond%20Heating%20and%20Air&metro=San%20Diego
95,Events Inspired,Wedding & Events,San Diego,CA,San Diego,5,100,(619) 840-4206,http://www.eventsinspiredsd.com/,https://rovenhr.com/business/san_diego/events-inspired-chijdt,https://rovenhr.com/contact.html?claim=Events%20Inspired&metro=San%20Diego
96,Snappr Photography,Wedding & Events,San Diego,CA,San Diego,4.8,204,(619) 880-5535,https://www.snappr.com/best-photographers/san-diego?utm_source=google&utm_medium=organic_gmb&utm_campaign=gmb&utm_term=na&utm_content=na,https://rovenhr.com/business/san_diego/snappr-photography-chijv1,https://rovenhr.com/contact.html?claim=Snappr%20Photography&metro=San%20Diego
97,Story is Greater,Wedding & Events,San Diego,CA,San Diego,5,99,(619) 363-3103,https://storyisgreater.com/,https://rovenhr.com/business/san_diego/story-is-greater-chijg6,https://rovenhr.com/contact.html?claim=Story%20is%20Greater&metro=San%20Diego
98,HVAC San Diego King,Home Services,San Diego,CA,San Diego,5,94,(619) 202-8344,https://topcoolingguys.com/,https://rovenhr.com/business/san_diego/hvac-san-diego-king-chijj6,https://rovenhr.com/contact.html?claim=HVAC%20San%20Diego%20King&metro=San%20Diego
99,Prime Air Solutions | San Diego HVAC & Appliance Repair,Home Services,San Diego,CA,San Diego,4.9,125,(619) 655-3355,http://yourprimeservice.com/,https://rovenhr.com/business/san_diego/prime-air-solutions-san-diego-hvac-appliance-repair-chijh8,https://rovenhr.com/contact.html?claim=Prime%20Air%20Solutions%20|%20San%20Diego%20HVAC%20&%20Appliance%20Repair&metro=San%20Diego
100,ABM Wedding Photography,Wedding & Events,San Diego,CA,San Diego,5,90,(949) 463-3038,https://www.abmweddingphotos.com/,https://rovenhr.com/business/san_diego/abm-wedding-photography-chijv-,https://rovenhr.com/contact.html?claim=ABM%20Wedding%20Photography&metro=San%20Diego
101,Leaf Wedding Photography,Wedding & Events,San Diego,CA,San Diego,5,87,(858) 531-9560,http://www.leafweddingphotography.com/,https://rovenhr.com/business/san_diego/leaf-wedding-photography-chijbx,https://rovenhr.com/contact.html?claim=Leaf%20Wedding%20Photography&metro=San%20Diego
102,Melissa Madden Photography,Wedding & Events,San Diego,CA,San Diego,5,85,(619) 370-2577,http://www.melissamadden.com/,https://rovenhr.com/business/san_diego/melissa-madden-photography-chijat,https://rovenhr.com/contact.html?claim=Melissa%20Madden%20Photography&metro=San%20Diego
103,San Diego Orthodontic Specialists,Dental & Medical,San Diego,CA,San Diego,4.9,117,(858) 487-8900,https://www.smiles4sd.com/,https://rovenhr.com/business/san_diego/san-diego-orthodontic-specialists-chijo6,https://rovenhr.com/contact.html?claim=San%20Diego%20Orthodontic%20Specialists&metro=San%20Diego
104,Lotzof Orthodontics,Dental & Medical,San Diego,CA,San Diego,4.8,169,(858) 279-6210,http://www.drlotzof.com/,https://rovenhr.com/business/san_diego/lotzof-orthodontics-chijxt,https://rovenhr.com/contact.html?claim=Lotzof%20Orthodontics&metro=San%20Diego
105,The Wedding Entertainment Collective,Wedding & Events,San Diego,CA,San Diego,5,84,(619) 417-9622,https://www.theweddingentertainment.com/,https://rovenhr.com/business/san_diego/the-wedding-entertainment-collective-chijg4,https://rovenhr.com/contact.html?claim=The%20Wedding%20Entertainment%20Collective&metro=San%20Diego
106,Urban Dental,Dental & Medical,San Diego,CA,San Diego,5,83,(619) 696-0510,http://www.urbandentalsandiego.com/,https://rovenhr.com/business/san_diego/urban-dental-chij5d,https://rovenhr.com/contact.html?claim=Urban%20Dental&metro=San%20Diego
107,LA Dental Braces San Diego,Dental & Medical,San Diego,CA,San Diego,4.7,243,(619) 287-8870,http://www.ladentalbraces.us/,https://rovenhr.com/business/san_diego/la-dental-braces-san-diego-chijdy,https://rovenhr.com/contact.html?claim=LA%20Dental%20Braces%20San%20Diego&metro=San%20Diego
108,San Diego Dental,Dental & Medical,San Diego,CA,San Diego,5,98,(209) 393-3471,,https://rovenhr.com/business/san_diego/san-diego-dental-chijk8,https://rovenhr.com/contact.html?claim=San%20Diego%20Dental&metro=San%20Diego
109,Paul Douda Photography,Wedding & Events,San Diego,CA,San Diego,5,77,(619) 456-1417,http://www.pauldoudaphotography.com/,https://rovenhr.com/business/san_diego/paul-douda-photography-chijb9,https://rovenhr.com/contact.html?claim=Paul%20Douda%20Photography&metro=San%20Diego
110,Janis Foley Photography,Wedding & Events,San Diego,CA,San Diego,5,76,(619) 723-7677,https://www.janisfoley.com/,https://rovenhr.com/business/san_diego/janis-foley-photography-chijkr,https://rovenhr.com/contact.html?claim=Janis%20Foley%20Photography&metro=San%20Diego
111,Mission Gorge Modern Dentistry,Dental & Medical,San Diego,CA,San Diego,4.8,148,(619) 272-2271,https://www.missiongorgemoderndentistry.com/?sc_cid=GBP%3AO%3AGP%3A1036%3AOrganic_Search%3AGeneral%3Ana&_vsrefdom=organic_gbp&y_source=1_MzgxMjk2MDMtNzE1LWxvY2F0aW9uLndlYnNpdGU%3D,https://rovenhr.com/business/san_diego/mission-gorge-modern-dentistry-chijvw,https://rovenhr.com/contact.html?claim=Mission%20Gorge%20Modern%20Dentistry&metro=San%20Diego
112,Castle Comfort HVAC,Home Services,San Diego,CA,San Diego,5,75,(800) 484-4323,http://castlecomfort.com/,https://rovenhr.com/business/san_diego/castle-comfort-hvac-chijis,https://rovenhr.com/contact.html?claim=Castle%20Comfort%20HVAC&metro=San%20Diego
113,HVAC Experts,Home Services,San Diego,CA,San Diego,5,73,(619) 860-0110,https://hvacexpertssd.com/,https://rovenhr.com/business/san_diego/hvac-experts-chijzw,https://rovenhr.com/contact.html?claim=HVAC%20Experts&metro=San%20Diego
114,BE Studios,Wedding & Events,San Diego,CA,San Diego,5,73,(619) 816-0768,http://www.bestudios.me/,https://rovenhr.com/business/san_diego/be-studios-chijiy,https://rovenhr.com/contact.html?claim=BE%20Studios&metro=San%20Diego
115,TruVUE Productions,Wedding & Events,San Diego,CA,San Diego,4.9,99,(858) 585-4302,https://truvueproductions.com/,https://rovenhr.com/business/san_diego/truvue-productions-chijnx,https://rovenhr.com/contact.html?claim=TruVUE%20Productions&metro=San%20Diego
116,Madeline Barr Photography,Wedding & Events,San Diego,CA,San Diego,5,83,,https://www.madelinebarr.com/,https://rovenhr.com/business/san_diego/madeline-barr-photography-chijvz,https://rovenhr.com/contact.html?claim=Madeline%20Barr%20Photography&metro=San%20Diego
117,"Atlas HVAC, INC",Home Services,San Diego,CA,San Diego,4.8,129,(619) 853-4414,https://atlascoolingandheating.com/?utm_campaign=gmb,https://rovenhr.com/business/san_diego/atlas-hvac-inc-chij-f,"https://rovenhr.com/contact.html?claim=Atlas%20HVAC,%20INC&metro=San%20Diego"
118,Ryan Green Films,Wedding & Events,San Diego,CA,San Diego,5,63,(619) 559-1476,https://www.ryangreenfilms.com/,https://rovenhr.com/business/san_diego/ryan-green-films-chijwr,https://rovenhr.com/contact.html?claim=Ryan%20Green%20Films&metro=San%20Diego
119,Dentists of Mission Valley,Dental & Medical,San Diego,CA,San Diego,4.6,255,(619) 573-4889,https://www.dentistsofmissionvalley.com/?sc_cid=GBP%3AO%3AGP%3A1034%3AOrganic_Search%3AGeneral%3Ana&_vsrefdom=organic_gbp&y_source=1_MzQ3OTcxOTEtNzE1LWxvY2F0aW9uLndlYnNpdGU%3D,https://rovenhr.com/business/san_diego/dentists-of-mission-valley-chijxs,https://rovenhr.com/contact.html?claim=Dentists%20of%20Mission%20Valley&metro=San%20Diego
120,Bankers Hill Dental,Dental & Medical,San Diego,CA,San Diego,4.9,76,(619) 234-5377,http://www.bankershilldental.com/,https://rovenhr.com/business/san_diego/bankers-hill-dental-chijpv,https://rovenhr.com/contact.html?claim=Bankers%20Hill%20Dental&metro=San%20Diego
121,Elle G Photography,Wedding & Events,San Diego,CA,San Diego,5,56,(858) 344-1068,https://ellegphotography.com/,https://rovenhr.com/business/san_diego/elle-g-photography-chijlf,https://rovenhr.com/contact.html?claim=Elle%20G%20Photography&metro=San%20Diego
122,Discount Plumbing San Diego,Home Services,San Diego,CA,San Diego,4.6,245,(619) 329-8394,https://www.discountplumbingsandiego.com/?utm_campaign=gmb,https://rovenhr.com/business/san_diego/discount-plumbing-san-diego-chijfq,https://rovenhr.com/contact.html?claim=Discount%20Plumbing%20San%20Diego&metro=San%20Diego
123,SISTI & CO. | Wedding Planner & Florist,Wedding & Events,San Diego,CA,San Diego,4.9,73,(858) 240-9740,https://sisti.co/,https://rovenhr.com/business/san_diego/sisti-co-wedding-planner-florist-chijc2,https://rovenhr.com/contact.html?claim=SISTI%20&%20CO.%20|%20Wedding%20Planner%20&%20Florist&metro=San%20Diego
124,Hale Production Studios,Wedding & Events,San Diego,CA,San Diego,5,54,(619) 804-9430,https://www.haleproductionstudios.com/,https://rovenhr.com/business/san_diego/hale-production-studios-chijfz,https://rovenhr.com/contact.html?claim=Hale%20Production%20Studios&metro=San%20Diego
125,Bauman Photographers,Wedding & Events,San Diego,CA,San Diego,4.9,72,(619) 232-3020,https://baumanphotographers.com/,https://rovenhr.com/business/san_diego/bauman-photographers-chijwz,https://rovenhr.com/contact.html?claim=Bauman%20Photographers&metro=San%20Diego
126,Flow Mechanical,Home Services,San Diego,CA,San Diego,4.9,68,(858) 221-0198,https://www.facebook.com/profile.php?id=61555714162626,https://rovenhr.com/business/san_diego/flow-mechanical-chijfd,https://rovenhr.com/contact.html?claim=Flow%20Mechanical&metro=San%20Diego
127,Bay View Dental,Dental & Medical,San Diego,CA,San Diego,4.8,94,(858) 923-8461,https://www.bayviewdentalsd.com/locations/san-diego-office/,https://rovenhr.com/business/san_diego/bay-view-dental-chij6y,https://rovenhr.com/contact.html?claim=Bay%20View%20Dental&metro=San%20Diego
128,Paulson,Home Services,San Diego,CA,San Diego,4.8,93,(619) 752-3500,https://paulsonac.com/?utm_campaign=gmb,https://rovenhr.com/business/san_diego/paulson-chijlt,https://rovenhr.com/contact.html?claim=Paulson&metro=San%20Diego
129,Leggacy Films,Wedding & Events,San Diego,CA,San Diego,5,50,(608) 334-0609,https://leggacyfilms.com/,https://rovenhr.com/business/san_diego/leggacy-films-chije9,https://rovenhr.com/contact.html?claim=Leggacy%20Films&metro=San%20Diego
130,At Your Side Planning,Wedding & Events,San Diego,CA,San Diego,5,49,(619) 322-7084,http://www.atyoursideplanning.com/,https://rovenhr.com/business/san_diego/at-your-side-planning-chij6s,https://rovenhr.com/contact.html?claim=At%20Your%20Side%20Planning&metro=San%20Diego
131,North Park Modern Dentistry,Dental & Medical,San Diego,CA,San Diego,4.5,343,(619) 637-9774,https://www.northparkmoderndentistry.com/?sc_cid=GBP%3AO%3AGP%3A325%3AOrganic_Search%3AGeneral%3Ana&_vsrefdom=organic_gbp&y_source=1_MTMwMTIxNzUtNzE1LWxvY2F0aW9uLndlYnNpdGU%3D,https://rovenhr.com/business/san_diego/north-park-modern-dentistry-chijv_,https://rovenhr.com/contact.html?claim=North%20Park%20Modern%20Dentistry&metro=San%20Diego
132,Provision Heating & Air Conditioning,Home Services,San Diego,CA,San Diego,5,47,(619) 853-4614,https://www.provisionair.com/?utm_campaign=gmb,https://rovenhr.com/business/san_diego/provision-heating-air-conditioning-chij8d,https://rovenhr.com/contact.html?claim=Provision%20Heating%20&%20Air%20Conditioning&metro=San%20Diego
133,Video Pro San Diego,Wedding & Events,Vista,CA,San Diego,5,47,(760) 421-8456,http://www.videoprosandiego.com/,https://rovenhr.com/business/san_diego/video-pro-san-diego-chijje,https://rovenhr.com/contact.html?claim=Video%20Pro%20San%20Diego&metro=San%20Diego
134,REV Productions,Wedding & Events,San Diego,CA,San Diego,4.9,62,(314) 943-8152,http://revvideoproductions.com/?utm_source=google&utm_medium=wix_google_business_profile&utm_campaign=7595379204415283052,https://rovenhr.com/business/san_diego/rev-productions-chijnz,https://rovenhr.com/contact.html?claim=REV%20Productions&metro=San%20Diego
135,Complete Dental Health,Dental & Medical,San Diego,CA,San Diego,4.9,61,(619) 295-2202,https://completedentalhealth.net/,https://rovenhr.com/business/san_diego/complete-dental-health-chijj5,https://rovenhr.com/contact.html?claim=Complete%20Dental%20Health&metro=San%20Diego
136,Unveiled Wedding Photography,Wedding & Events,El Cajon,CA,San Diego,5,46,(619) 660-2712,https://unveiledwedding.com/,https://rovenhr.com/business/san_diego/unveiled-wedding-photography-chije5,https://rovenhr.com/contact.html?claim=Unveiled%20Wedding%20Photography&metro=San%20Diego
137,Dr. David J. Li - San Diego Orthodontic Specialists,Dental & Medical,San Diego,CA,San Diego,4.8,83,(858) 450-1334,http://www.smiles4sd.com/,https://rovenhr.com/business/san_diego/dr-david-j-li-san-diego-orthodontic-specialists-chij3z,https://rovenhr.com/contact.html?claim=Dr.%20David%20J.%20Li%20-%20San%20Diego%20Orthodontic%20Specialists&metro=San%20Diego
138,PlumbTech,Home Services,San Diego,CA,San Diego,4.9,60,(800) 388-8149,https://plumbtechpros.com/,https://rovenhr.com/business/san_diego/plumbtech-chijr5,https://rovenhr.com/contact.html?claim=PlumbTech&metro=San%20Diego
139,Dentists at North Park,Dental & Medical,San Diego,CA,San Diego,4.7,119,(619) 704-0685,https://www.dentistsatnorthpark.com/?sc_cid=GBP%3AO%3AGP%3A1183%3AOrganic_Search%3AGeneral%3Ana&_vsrefdom=organic_gbp&y_source=1_MTA1Mzk4MzcyMC03MTUtbG9jYXRpb24ud2Vic2l0ZQ%3D%3D,https://rovenhr.com/business/san_diego/dentists-at-north-park-chiju6,https://rovenhr.com/contact.html?claim=Dentists%20at%20North%20Park&metro=San%20Diego
140,V2 Visuals,Wedding & Events,San Diego,CA,San Diego,5,44,(619) 815-5166,https://v2visuals.com/,https://rovenhr.com/business/san_diego/v2-visuals-chijyz,https://rovenhr.com/contact.html?claim=V2%20Visuals&metro=San%20Diego
141,Jackson & Foster Heating & Air Conditioning,Home Services,San Diego,CA,San Diego,4.9,58,(619) 667-4328,https://jacksonfoster.com/,https://rovenhr.com/business/san_diego/jackson-foster-heating-air-conditioning-chij0e,https://rovenhr.com/contact.html?claim=Jackson%20&%20Foster%20Heating%20&%20Air%20Conditioning&metro=San%20Diego
142,Park View Orthodontics,Dental & Medical,San Diego,CA,San Diego,4.8,78,(619) 295-2288,https://www.boutiqueorthosd.com/,https://rovenhr.com/business/san_diego/park-view-orthodontics-chijew,https://rovenhr.com/contact.html?claim=Park%20View%20Orthodontics&metro=San%20Diego
143,PMC Photography,Wedding & Events,San Diego,CA,San Diego,4.9,54,(714) 343-4159,https://www.pmc-photography.com/,https://rovenhr.com/business/san_diego/pmc-photography-chije1,https://rovenhr.com/contact.html?claim=PMC%20Photography&metro=San%20Diego
144,Fabulous Homes Heating & Air,Home Services,San Diego,CA,San Diego,5,41,(619) 889-5834,https://www.fabuloushomesheatingandair.com/,https://rovenhr.com/business/san_diego/fabulous-homes-heating-air-chijb5,https://rovenhr.com/contact.html?claim=Fabulous%20Homes%20Heating%20&%20Air&metro=San%20Diego
145,"Nestor Ruscel Photography, Videography and Livestream Service",Wedding & Events,San Diego,CA,San Diego,5,41,(224) 829-4142,https://www.theknot.com/marketplace/nestor-ruscel-photography-videography-and-live-streaming-san-diego-ca-2049258,https://rovenhr.com/business/san_diego/nestor-ruscel-photography-videography-and-livestream-service-chijl4,"https://rovenhr.com/contact.html?claim=Nestor%20Ruscel%20Photography,%20Videography%20and%20Livestream%20Service&metro=San%20Diego"
146,Chris Wojdak Photography,Wedding & Events,San Diego,CA,San Diego,5,40,(619) 500-4270,http://www.chriswojdak.com/,https://rovenhr.com/business/san_diego/chris-wojdak-photography-chijge,https://rovenhr.com/contact.html?claim=Chris%20Wojdak%20Photography&metro=San%20Diego
147,New Evolution Video,Wedding & Events,San Diego,CA,San Diego,5,39,(619) 365-5529,https://newevolutionvideoproduction.com/,https://rovenhr.com/business/san_diego/new-evolution-video-chijq0,https://rovenhr.com/contact.html?claim=New%20Evolution%20Video&metro=San%20Diego
148,Focused Bliss Productions,Wedding & Events,San Diego,CA,San Diego,5,38,(781) 475-0364,http://www.focusedbliss.com/,https://rovenhr.com/business/san_diego/focused-bliss-productions-chijcx,https://rovenhr.com/contact.html?claim=Focused%20Bliss%20Productions&metro=San%20Diego
149,Natalie Bray Photography,Wedding & Events,San Diego,CA,San Diego,5,38,(951) 264-7449,http://www.nataliebray.com/,https://rovenhr.com/business/san_diego/natalie-bray-photography-chijst,https://rovenhr.com/contact.html?claim=Natalie%20Bray%20Photography&metro=San%20Diego
150,Mission Valley Dentists,Dental & Medical,San Diego,CA,San Diego,4.4,429,(619) 220-0159,https://www.missionvalleydentists.com/?sc_cid=GBP%3AO%3AGP%3A270%3AOrganic_Search%3AGeneral%3Ana&_vsrefdom=organic_gbp&y_source=1_MTEwMjgzNS03MTUtbG9jYXRpb24ud2Vic2l0ZQ%3D%3D,https://rovenhr.com/business/san_diego/mission-valley-dentists-chijq6,https://rovenhr.com/contact.html?claim=Mission%20Valley%20Dentists&metro=San%20Diego
151,Jessica Paige Photo Co,Wedding & Events,San Diego,CA,San Diego,5,36,(770) 864-0117,https://www.jessicapaigephoto.com/,https://rovenhr.com/business/san_diego/jessica-paige-photo-co-chij59,https://rovenhr.com/contact.html?claim=Jessica%20Paige%20Photo%20Co&metro=San%20Diego
152,Zak Dental - San Diego,Dental & Medical,San Diego,CA,San Diego,4.3,869,(858) 569-9651,https://www.zakdental.com/clinic/san-diego/?utm_source=google&utm_medium=Yext&y_source=1_MTk2ODAzODEtNzE1LWxvY2F0aW9uLndlYnNpdGU%3D,https://rovenhr.com/business/san_diego/zak-dental-san-diego-chijqy,https://rovenhr.com/contact.html?claim=Zak%20Dental%20-%20San%20Diego&metro=San%20Diego
153,Justice Photography,Wedding & Events,San Diego,CA,San Diego,5,35,(760) 936-7854,https://www.justicephoto.com/,https://rovenhr.com/business/san_diego/justice-photography-chijvd,https://rovenhr.com/contact.html?claim=Justice%20Photography&metro=San%20Diego
154,"The Dental Express Point Loma - Dentist in Point Loma, CA",Dental & Medical,San Diego,CA,San Diego,4.4,385,(619) 701-6622,https://thedentalexpress.com/dental-express-point-loma,https://rovenhr.com/business/san_diego/the-dental-express-point-loma-dentist-in-point-loma-ca-chijrc,"https://rovenhr.com/contact.html?claim=The%20Dental%20Express%20Point%20Loma%20-%20Dentist%20in%20Point%20Loma,%20CA&metro=San%20Diego"
155,Chris Brake Photo Video,Wedding & Events,San Diego,CA,San Diego,5,34,(619) 569-5557,https://www.chrisbrakephotovideo.com/,https://rovenhr.com/business/san_diego/chris-brake-photo-video-chijqx,https://rovenhr.com/contact.html?claim=Chris%20Brake%20Photo%20Video&metro=San%20Diego
156,San Diego Dental Health Center,Dental & Medical,San Diego,CA,San Diego,4.8,56,(858) 242-0187,https://sd-dhc.com/,https://rovenhr.com/business/san_diego/san-diego-dental-health-center-chij3u,https://rovenhr.com/contact.html?claim=San%20Diego%20Dental%20Health%20Center&metro=San%20Diego
157,San Diego wedding Videographers,Wedding & Events,San Diego,CA,San Diego,5,32,(951) 282-5732,http://www.astrayphotography.com/,https://rovenhr.com/business/san_diego/san-diego-wedding-videographers-chij7y,https://rovenhr.com/contact.html?claim=San%20Diego%20wedding%20Videographers&metro=San%20Diego
158,Straight Shooter Heating & Cooling,Home Services,San Diego,CA,San Diego,5,32,(619) 304-2863,https://www.bestsandiegohvac.com/mission-hills-ac-installation-repair,https://rovenhr.com/business/san_diego/straight-shooter-heating-cooling-chijfr,https://rovenhr.com/contact.html?claim=Straight%20Shooter%20Heating%20&%20Cooling&metro=San%20Diego
159,Original Weddings Photo & Video,Wedding & Events,San Diego,CA,San Diego,5,32,(213) 698-8820,https://www.originalweddings.com/locations/california/san-diego/,https://rovenhr.com/business/san_diego/original-weddings-photo-video-chija5,https://rovenhr.com/contact.html?claim=Original%20Weddings%20Photo%20&%20Video&metro=San%20Diego
160,Bob Hoffman Photography & Video,Wedding & Events,San Diego,CA,San Diego,5,30,(858) 576-0046,http://www.hoffmanphotovideo.com/,https://rovenhr.com/business/san_diego/bob-hoffman-photography-video-chijb-,https://rovenhr.com/contact.html?claim=Bob%20Hoffman%20Photography%20&%20Video&metro=San%20Diego
161,"Braces San Diego, Dr. Brian Asbury",Dental & Medical,San Diego,CA,San Diego,4.8,49,(619) 461-4310,http://www.bracessandiego.com/,https://rovenhr.com/business/san_diego/braces-san-diego-dr-brian-asbury-chijtf,"https://rovenhr.com/contact.html?claim=Braces%20San%20Diego,%20Dr.%20Brian%20Asbury&metro=San%20Diego"
162,Bay Park Smiles Dentistry,Dental & Medical,San Diego,CA,San Diego,4.5,159,(858) 200-0827,https://www.bayparkdentistry.com/?sc_cid=GBP%3AO%3AGP%3A429%3AOrganic_Search%3AGeneral%3Ana&_vsrefdom=organic_gbp&y_source=1_MzQ3NzQ4Ny03MTUtbG9jYXRpb24ud2Vic2l0ZQ%3D%3D,https://rovenhr.com/business/san_diego/bay-park-smiles-dentistry-chijcb,https://rovenhr.com/contact.html?claim=Bay%20Park%20Smiles%20Dentistry&metro=San%20Diego
163,Dirt Cheap Wedding Photography San Diego,Wedding & Events,San Diego,CA,San Diego,4.9,36,(858) 208-3562,http://www.dirtcheapweddingphotography.com/,https://rovenhr.com/business/san_diego/dirt-cheap-wedding-photography-san-diego-chijib,https://rovenhr.com/contact.html?claim=Dirt%20Cheap%20Wedding%20Photography%20San%20Diego&metro=San%20Diego
164,San Diego Life Events,Wedding & Events,San Diego,CA,San Diego,5,27,(619) 786-6996,http://www.sandiegolifeevents.com/,https://rovenhr.com/business/san_diego/san-diego-life-events-chijmz,https://rovenhr.com/contact.html?claim=San%20Diego%20Life%20Events&metro=San%20Diego
165,Valentina Weddings & Events,Wedding & Events,San Diego,CA,San Diego,5,26,(858) 252-5791,http://www.valentinaweddingsandevents.com/,https://rovenhr.com/business/san_diego/valentina-weddings-events-chij96,https://rovenhr.com/contact.html?claim=Valentina%20Weddings%20&%20Events&metro=San%20Diego
166,Mr Eddie Flores,Wedding & Events,Chula Vista,CA,San Diego,5,26,(619) 948-5781,https://mreddieflores.com/,https://rovenhr.com/business/san_diego/mr-eddie-flores-chijy7,https://rovenhr.com/contact.html?claim=Mr%20Eddie%20Flores&metro=San%20Diego
167,PLAN PREP PARTY,Wedding & Events,San Diego,CA,San Diego,5,25,(707) 583-6238,http://planprepparty.com/,https://rovenhr.com/business/san_diego/plan-prep-party-chiji6,https://rovenhr.com/contact.html?claim=PLAN%20PREP%20PARTY&metro=San%20Diego
168,The Dental Express,Dental & Medical,San Diego,CA,San Diego,4.4,209,(619) 701-6628,https://thedentalexpress.com/dental-express-downtown,https://rovenhr.com/business/san_diego/the-dental-express-chijw2,https://rovenhr.com/contact.html?claim=The%20Dental%20Express&metro=San%20Diego
169,The Dental Docs,Dental & Medical,San Diego,CA,San Diego,4.7,54,(619) 297-2949,http://www.thedentaldocs.com/,https://rovenhr.com/business/san_diego/the-dental-docs-chijaq,https://rovenhr.com/contact.html?claim=The%20Dental%20Docs&metro=San%20Diego
170,Straight Shooter Heating & Cooling,Home Services,San Diego,CA,San Diego,4.8,39,(619) 604-9096,https://www.bestsandiegohvac.com/north-park-ac-installation-repair,https://rovenhr.com/business/san_diego/straight-shooter-heating-cooling-chijm4,https://rovenhr.com/contact.html?claim=Straight%20Shooter%20Heating%20&%20Cooling&metro=San%20Diego
171,JCDesigns Weddings & Events LLC,Wedding & Events,Poway,CA,San Diego,5,23,(413) 441-7933,https://www.jcdweddings.com/,https://rovenhr.com/business/san_diego/jcdesigns-weddings-events-llc-chij4w,https://rovenhr.com/contact.html?claim=JCDesigns%20Weddings%20&%20Events%20LLC&metro=San%20Diego
172,Emergency Air Conditioning Experts,Home Services,San Diego,CA,San Diego,5,23,(562) 512-4447,https://emergency-air-conditioning-experts.ueniweb.com/?utm_campaign=gmb,https://rovenhr.com/business/san_diego/emergency-air-conditioning-experts-chijfr,https://rovenhr.com/contact.html?claim=Emergency%20Air%20Conditioning%20Experts&metro=San%20Diego
173,Hidden Picnics,Wedding & Events,San Diego,CA,San Diego,4.9,29,(619) 955-2920,http://www.hiddenpicnics.com/,https://rovenhr.com/business/san_diego/hidden-picnics-chijox,https://rovenhr.com/contact.html?claim=Hidden%20Picnics&metro=San%20Diego
174,RACHEL EVANS HVAC,Home Services,Descanso,CA,San Diego,4.9,28,(619) 335-6797,https://www.evanshvac-sandiego.com/,https://rovenhr.com/business/san_diego/rachel-evans-hvac-chijiy,https://rovenhr.com/contact.html?claim=RACHEL%20EVANS%20HVAC&metro=San%20Diego
175,Duct Dynasty Heating & Air - HVAC Repair & AC Installation in San Diego,Home Services,San Diego,CA,San Diego,5,22,(858) 349-3571,https://ductdynastysd.com/?utm_source=google&utm_medium=organic&utm_campaign=gbp&utm_term=san_diego,https://rovenhr.com/business/san_diego/duct-dynasty-heating-air-hvac-repair-ac-installation-in-san--chijey,https://rovenhr.com/contact.html?claim=Duct%20Dynasty%20Heating%20&%20Air%20-%20HVAC%20Repair%20&%20AC%20Installation%20in%20San%20Diego&metro=San%20Diego
176,Blue Barn Creative,Wedding & Events,San Diego,CA,San Diego,5,22,(619) 770-1896,https://www.bluebarncreative.com/,https://rovenhr.com/business/san_diego/blue-barn-creative-chijfu,https://rovenhr.com/contact.html?claim=Blue%20Barn%20Creative&metro=San%20Diego
177,THA Heating Air & Plumbing Inc.,Home Services,San Diego,CA,San Diego,4.5,106,(858) 571-8865,https://www.thaheatingandair.com/,https://rovenhr.com/business/san_diego/tha-heating-air-plumbing-inc-chij6s,https://rovenhr.com/contact.html?claim=THA%20Heating%20Air%20&%20Plumbing%20Inc.&metro=San%20Diego
178,SoCal Plumber San Diego,Home Services,San Diego,CA,San Diego,5,26,(619) 486-5672,,https://rovenhr.com/business/san_diego/socal-plumber-san-diego-chijpt,https://rovenhr.com/contact.html?claim=SoCal%20Plumber%20San%20Diego&metro=San%20Diego
179,San Diego Invisalign,Dental & Medical,San Diego,CA,San Diego,5,20,(858) 771-2911,https://sandiego-invisalign.com/,https://rovenhr.com/business/san_diego/san-diego-invisalign-chijva,https://rovenhr.com/contact.html?claim=San%20Diego%20Invisalign&metro=San%20Diego
180,Bella Mia Exclusive Events,Wedding & Events,San Diego,CA,San Diego,5,20,(619) 248-0786,http://www.bellamiaexclusiveevents.com/,https://rovenhr.com/business/san_diego/bella-mia-exclusive-events-chijrt,https://rovenhr.com/contact.html?claim=Bella%20Mia%20Exclusive%20Events&metro=San%20Diego
181,Ivy Weddings and Events,Wedding & Events,La Mesa,CA,San Diego,5,20,(805) 302-1501,http://www.ivyweddingsandevents.com/,https://rovenhr.com/business/san_diego/ivy-weddings-and-events-chijwf,https://rovenhr.com/contact.html?claim=Ivy%20Weddings%20and%20Events&metro=San%20Diego
182,Moonbeam Video LLC,Wedding & Events,San Diego,CA,San Diego,5,19,(619) 320-8286,https://moonbeamvideo.com/,https://rovenhr.com/business/san_diego/moonbeam-video-llc-chij45,https://rovenhr.com/contact.html?claim=Moonbeam%20Video%20LLC&metro=San%20Diego
183,Couture Events,Wedding & Events,San Diego,CA,San Diego,5,24,(619) 206-2905,,https://rovenhr.com/business/san_diego/couture-events-chijb-,https://rovenhr.com/contact.html?claim=Couture%20Events&metro=San%20Diego
184,Always Avery Photography,Wedding & Events,San Diego,CA,San Diego,5,22,,https://alwaysaveryphotography.com/,https://rovenhr.com/business/san_diego/always-avery-photography-chijpd,https://rovenhr.com/contact.html?claim=Always%20Avery%20Photography&metro=San%20Diego
185,AlignBar Orthodontics in San Diego,Dental & Medical,San Diego,CA,San Diego,5,17,(619) 500-6881,https://alignbar.com/?UTM_source=GMB_listing&UTM_medium=organic,https://rovenhr.com/business/san_diego/alignbar-orthodontics-in-san-diego-chijrx,https://rovenhr.com/contact.html?claim=AlignBar%20Orthodontics%20in%20San%20Diego&metro=San%20Diego
186,Madison The Guy,Wedding & Events,San Diego,CA,San Diego,5,17,(717) 434-8515,http://www.madisontheguy.com/,https://rovenhr.com/business/san_diego/madison-the-guy-chijxw,https://rovenhr.com/contact.html?claim=Madison%20The%20Guy&metro=San%20Diego
187,Stephen Alberts Videography,Wedding & Events,San Diego,CA,San Diego,5,17,(646) 642-4505,https://stephenalbertsvideography.com/,https://rovenhr.com/business/san_diego/stephen-alberts-videography-chijmc,https://rovenhr.com/contact.html?claim=Stephen%20Alberts%20Videography&metro=San%20Diego
188,La Jolla Cove Rooftop by Wedgewood Weddings,Wedding & Events,San Diego,CA,San Diego,4.6,50,(866) 966-3009,https://www.wedgewoodweddings.com/lajollacoverooftop?utm_source=google&utm_medium=organic&utm_campaign=gmb&utm_content=la-jolla-cove-rooftop,https://rovenhr.com/business/san_diego/la-jolla-cove-rooftop-by-wedgewood-weddings-chij9s,https://rovenhr.com/contact.html?claim=La%20Jolla%20Cove%20Rooftop%20by%20Wedgewood%20Weddings&metro=San%20Diego
189,San Diego Emergency Family Dentist Reza Kasiri,Dental & Medical,San Diego,CA,San Diego,4.4,113,(619) 550-1111,https://24-7emergencydental.com/,https://rovenhr.com/business/san_diego/san-diego-emergency-family-dentist-reza-kasiri-chijts,https://rovenhr.com/contact.html?claim=San%20Diego%20Emergency%20Family%20Dentist%20Reza%20Kasiri&metro=San%20Diego
190,Arenlace Events - San Diego Wedding Planner & Coordinator,Wedding & Events,Oceanside,CA,San Diego,4.7,33,(858) 295-3300,https://www.arenlace.com/collections/events,https://rovenhr.com/business/san_diego/arenlace-events-san-diego-wedding-planner-coordinator-chije4,https://rovenhr.com/contact.html?claim=Arenlace%20Events%20-%20San%20Diego%20Wedding%20Planner%20&%20Coordinator&metro=San%20Diego
191,San Diego HVAC & Airduct Cleaning,Home Services,San Diego,CA,San Diego,5,20,(619) 272-9793,,https://rovenhr.com/business/san_diego/san-diego-hvac-airduct-cleaning-chijga,https://rovenhr.com/contact.html?claim=San%20Diego%20HVAC%20&%20Airduct%20Cleaning&metro=San%20Diego
192,East Village Dental Group,Dental & Medical,San Diego,CA,San Diego,4.3,191,(619) 324-4981,https://www.eastvillagedentalgroup.com/?sc_cid=GBP%3AO%3AGP%3A406%3AOrganic_Search%3AGeneral%3Ana&_vsrefdom=organic_gbp&y_source=1_MjcwMDcyNS03MTUtbG9jYXRpb24ud2Vic2l0ZQ%3D%3D,https://rovenhr.com/business/san_diego/east-village-dental-group-chijry,https://rovenhr.com/contact.html?claim=East%20Village%20Dental%20Group&metro=San%20Diego
193,Odom Media LLC,Wedding & Events,San Diego,CA,San Diego,4.8,24,(619) 962-6115,http://www.odommedia.com/,https://rovenhr.com/business/san_diego/odom-media-llc-chij9-,https://rovenhr.com/contact.html?claim=Odom%20Media%20LLC&metro=San%20Diego
194,Kristine Smith Designs,Wedding & Events,El Cajon,CA,San Diego,5,15,(559) 287-2108,http://www.kristinesmithdesigns.com/,https://rovenhr.com/business/san_diego/kristine-smith-designs-chij1z,https://rovenhr.com/contact.html?claim=Kristine%20Smith%20Designs&metro=San%20Diego
195,HauteFetes Fine Weddings & Events,Wedding & Events,Rancho Santa Fe,CA,San Diego,5,15,(858) 775-6083,https://hautefetes.com/,https://rovenhr.com/business/san_diego/hautefetes-fine-weddings-events-chija_,https://rovenhr.com/contact.html?claim=HauteFetes%20Fine%20Weddings%20&%20Events&metro=San%20Diego
196,"Affordable Wedding Planner San Diego / Cheap DJ, Photography, Videography & More!",Wedding & Events,San Diego,CA,San Diego,5,15,(858) 754-8887,https://cheapweddingplannersandiego.com/,https://rovenhr.com/business/san_diego/affordable-wedding-planner-san-diego-cheap-dj-photography-vi-chijzy,"https://rovenhr.com/contact.html?claim=Affordable%20Wedding%20Planner%20San%20Diego%20/%20Cheap%20DJ,%20Photography,%20Videography%20&%20More!&metro=San%20Diego"
197,San Diego Video Production Company,Wedding & Events,El Cajon,CA,San Diego,5,14,(858) 754-8887,https://www.sandiegovideoproductioncompany.com/,https://rovenhr.com/business/san_diego/san-diego-video-production-company-chij8y,https://rovenhr.com/contact.html?claim=San%20Diego%20Video%20Production%20Company&metro=San%20Diego
198,Affordable Wedding Photographer San Diego,Wedding & Events,San Diego,CA,San Diego,5,14,(858) 208-3562,https://www.affordableweddingphotographersandiego.com/,https://rovenhr.com/business/san_diego/affordable-wedding-photographer-san-diego-chijqq,https://rovenhr.com/contact.html?claim=Affordable%20Wedding%20Photographer%20San%20Diego&metro=San%20Diego
199,Creative Affairs Inc,Wedding & Events,San Diego,CA,San Diego,5,14,(619) 993-0710,http://www.creativeaffairsinc.com/,https://rovenhr.com/business/san_diego/creative-affairs-inc-chijv_,https://rovenhr.com/contact.html?claim=Creative%20Affairs%20Inc&metro=San%20Diego
200,Nahid's Global Events,Wedding & Events,San Diego,CA,San Diego,5,14,(619) 920-2976,https://nahidglobal.com/,https://rovenhr.com/business/san_diego/nahid-s-global-events-chijvw,https://rovenhr.com/contact.html?claim=Nahid's%20Global%20Events&metro=San%20Diego
201,AC Air Conditioning & Heating Contractor,Home Services,National City,CA,San Diego,5,17,(619) 326-6689,,https://rovenhr.com/business/san_diego/ac-air-conditioning-heating-contractor-chijcr,https://rovenhr.com/contact.html?claim=AC%20Air%20Conditioning%20&%20Heating%20Contractor&metro=San%20Diego
202,Dr. Sonny Aryan Emergency Dentist San Diego 24 Hours,Dental & Medical,San Diego,CA,San Diego,5,13,(858) 878-2009,https://www.emergencydentalservice.com/emergencydentist24-7/san-diego-ca-92101,https://rovenhr.com/business/san_diego/dr-sonny-aryan-emergency-dentist-san-diego-24-hours-chijt2,https://rovenhr.com/contact.html?claim=Dr.%20Sonny%20Aryan%20Emergency%20Dentist%20San%20Diego%2024%20Hours&metro=San%20Diego
203,Cheap Wedding Videography,Wedding & Events,San Diego,CA,San Diego,4.8,18,(858) 208-3562,https://www.cheapweddingvideography.com/,https://rovenhr.com/business/san_diego/cheap-wedding-videography-chij3-,https://rovenhr.com/contact.html?claim=Cheap%20Wedding%20Videography&metro=San%20Diego
204,Thomas Bui Lifestyle,Wedding & Events,San Diego,CA,San Diego,4.8,17,(858) 663-8516,http://www.thomasbuilifestyle.com/,https://rovenhr.com/business/san_diego/thomas-bui-lifestyle-chijwy,https://rovenhr.com/contact.html?claim=Thomas%20Bui%20Lifestyle&metro=San%20Diego
205,Trusted San Diego AC Repair,Home Services,Del Mar,CA,San Diego,5,11,(858) 394-8559,https://trustedsandiegoairconditioningexperts.com/,https://rovenhr.com/business/san_diego/trusted-san-diego-ac-repair-chijxx,https://rovenhr.com/contact.html?claim=Trusted%20San%20Diego%20AC%20Repair&metro=San%20Diego
206,One Hour Heating & Air Conditioning,Home Services,San Diego,CA,San Diego,5,10,(619) 736-2038,https://onehoursd.com/,https://rovenhr.com/business/san_diego/one-hour-heating-air-conditioning-chijr3,https://rovenhr.com/contact.html?claim=One%20Hour%20Heating%20&%20Air%20Conditioning&metro=San%20Diego
207,Luxe Special Events,Wedding & Events,Del Mar,CA,San Diego,5,10,(858) 232-8987,https://luxespecialevents.com/,https://rovenhr.com/business/san_diego/luxe-special-events-chijwt,https://rovenhr.com/contact.html?claim=Luxe%20Special%20Events&metro=San%20Diego
208,Brilliant Event Design,Wedding & Events,San Diego,CA,San Diego,5,10,(305) 588-2761,https://brillianteventdesign.com/,https://rovenhr.com/business/san_diego/brilliant-event-design-chijj4,https://rovenhr.com/contact.html?claim=Brilliant%20Event%20Design&metro=San%20Diego
209,Downtown SD Modern Dentistry,Dental & Medical,San Diego,CA,San Diego,4.1,298,(619) 850-2550,https://www.downtownsdmoderndentistry.com/?sc_cid=GBP%3AO%3AGP%3A420%3AOrganic_Search%3AGeneral%3Ana&_vsrefdom=organic_gbp&y_source=1_MjY2MDk0MS03MTUtbG9jYXRpb24ud2Vic2l0ZQ%3D%3D,https://rovenhr.com/business/san_diego/downtown-sd-modern-dentistry-chijha,https://rovenhr.com/contact.html?claim=Downtown%20SD%20Modern%20Dentistry&metro=San%20Diego
210,Mission Hills Dental Group,Dental & Medical,San Diego,CA,San Diego,4.1,287,(619) 699-9008,https://www.missionhillsdentalgroup.com/?sc_cid=GBP%3AO%3AGP%3A423%3AOrganic_Search%3AGeneral%3Ana&_vsrefdom=organic_gbp&y_source=1_MjM1OTEzNi03MTUtbG9jYXRpb24ud2Vic2l0ZQ%3D%3D,https://rovenhr.com/business/san_diego/mission-hills-dental-group-chijz9,https://rovenhr.com/contact.html?claim=Mission%20Hills%20Dental%20Group&metro=San%20Diego
211,Awesome HVAC Repair San Diego,Home Services,San Diego,CA,San Diego,5,8,(858) 392-4284,http://awesomehvacrepairsandiego.com/,https://rovenhr.com/business/san_diego/awesome-hvac-repair-san-diego-chijpw,https://rovenhr.com/contact.html?claim=Awesome%20HVAC%20Repair%20San%20Diego&metro=San%20Diego
212,Hillcrest Glow Dental Office,Dental & Medical,San Diego,CA,San Diego,4.2,104,(619) 543-0112,https://hillcrestglowdental.com/,https://rovenhr.com/business/san_diego/hillcrest-glow-dental-office-chijj9,https://rovenhr.com/contact.html?claim=Hillcrest%20Glow%20Dental%20Office&metro=San%20Diego
213,Westcoast Dentistry,Dental & Medical,San Diego,CA,San Diego,5,9,(866) 228-4181,,https://rovenhr.com/business/san_diego/westcoast-dentistry-chij23,https://rovenhr.com/contact.html?claim=Westcoast%20Dentistry&metro=San%20Diego
214,Air Conditioning Contractors of San Diego,Home Services,San Diego,CA,San Diego,5,9,(858) 384-8690,,https://rovenhr.com/business/san_diego/air-conditioning-contractors-of-san-diego-chijze,https://rovenhr.com/contact.html?claim=Air%20Conditioning%20Contractors%20of%20San%20Diego&metro=San%20Diego
215,Out of the Box Films,Wedding & Events,San Diego,CA,San Diego,5,6,(747) 229-5499,https://www.outoftheboxfilms.info/,https://rovenhr.com/business/san_diego/out-of-the-box-films-chijpd,https://rovenhr.com/contact.html?claim=Out%20of%20the%20Box%20Films&metro=San%20Diego
216,Mechanical System Contractors - MSC HVAC,Home Services,San Diego,CA,San Diego,4.5,13,(858) 279-4700,https://mschvac.com/,https://rovenhr.com/business/san_diego/mechanical-system-contractors-msc-hvac-chij9b,https://rovenhr.com/contact.html?claim=Mechanical%20System%20Contractors%20-%20MSC%20HVAC&metro=San%20Diego
217,San Diego Event Planning Made Easy - San Diego,Wedding & Events,San Diego,CA,San Diego,5,4,(858) 630-4928,https://sandiegoevents.co/?utm_source=googlebusinessprofile&utm_medium=organic&utm_campaign=Google+Business+Profile,https://rovenhr.com/business/san_diego/san-diego-event-planning-made-easy-san-diego-chijru,https://rovenhr.com/contact.html?claim=San%20Diego%20Event%20Planning%20Made%20Easy%20-%20San%20Diego&metro=San%20Diego
218,Green Future HVAC,Home Services,San Diego,CA,San Diego,5,3,(855) 818-0888,https://greenfuturehvac.com/,https://rovenhr.com/business/san_diego/green-future-hvac-chijpt,https://rovenhr.com/contact.html?claim=Green%20Future%20HVAC&metro=San%20Diego
219,Diamond Video & Photography,Wedding & Events,San Diego,CA,San Diego,5,3,(858) 333-7200,http://www.diamondbridessd.com/,https://rovenhr.com/business/san_diego/diamond-video-photography-chijxc,https://rovenhr.com/contact.html?claim=Diamond%20Video%20&%20Photography&metro=San%20Diego
220,Emergency Dentistry,Dental & Medical,San Diego,CA,San Diego,5,4,(855) 234-9795,,https://rovenhr.com/business/san_diego/emergency-dentistry-chijl4,https://rovenhr.com/contact.html?claim=Emergency%20Dentistry&metro=San%20Diego
221,San Diego HVAC Cooling Solution.,Home Services,San Diego,CA,San Diego,5,3,(858) 392-4129,,https://rovenhr.com/business/san_diego/san-diego-hvac-cooling-solution-chijcy,https://rovenhr.com/contact.html?claim=San%20Diego%20HVAC%20Cooling%20Solution.&metro=San%20Diego
222,Albina Wedding Films,Wedding & Events,San Diego,CA,San Diego,5,2,(619) 362-6245,https://www.instagram.com/albina_movie,https://rovenhr.com/business/san_diego/albina-wedding-films-chijd7,https://rovenhr.com/contact.html?claim=Albina%20Wedding%20Films&metro=San%20Diego
223,Stephanie Rose Events,Wedding & Events,San Diego,CA,San Diego,5,2,(858) 461-8423,http://stephanieroseevents.com/,https://rovenhr.com/business/san_diego/stephanie-rose-events-chijpw,https://rovenhr.com/contact.html?claim=Stephanie%20Rose%20Events&metro=San%20Diego
224,Greater San Diego Air Conditioning Inc,Home Services,San Diego,CA,San Diego,3.7,28,(619) 469-7818,https://www.gsdac.com/,https://rovenhr.com/business/san_diego/greater-san-diego-air-conditioning-inc-chijv6,https://rovenhr.com/contact.html?claim=Greater%20San%20Diego%20Air%20Conditioning%20Inc&metro=San%20Diego
225,NEW ERA HVAC,Home Services,San Diego,CA,San Diego,5,1,,,https://rovenhr.com/business/san_diego/new-era-hvac-chijmc,https://rovenhr.com/contact.html?claim=NEW%20ERA%20HVAC&metro=San%20Diego
