email,firstName,companyName,city,roleGuess,opener,website,phone,rating,reviews,position,confidence,rovenProfileUrl,claimUrl,metro
,,"Day & Night Air Conditioning, Heating, & Plumbing",Phoenix,service techs,"Came across Day & Night Air Conditioning, Heating, & Plumbing while looking at businesses in Phoenix.",https://www.dayandnightair.com/?utm_source=gmb&utm_medium=local&utm_campaign=phoenix-az,(602) 584-7758,,,,,https://rovenhr.com/employers,https://rovenhr.com/contact.html?claim=,phoenix
,,Parker & Sons,Phoenix,,Came across Parker & Sons while looking at businesses in Phoenix.,https://www.parkerandsons.com/?utm_campaign=gmb_pk-phx_home_cus-all_googlebusinessprofile&utm_medium=gmb&utm_source=google,(602) 424-9619,,,,,https://rovenhr.com/employers,https://rovenhr.com/contact.html?claim=,phoenix
,,Hobaica Services,Phoenix,,Came across Hobaica Services while looking at businesses in Phoenix.,https://www.hobaica.com/?utm_source=gbp&utm_medium=organic&utm_campaign=Google%20My%20Business,(602) 633-9555,,,,,https://rovenhr.com/employers,https://rovenhr.com/contact.html?claim=,phoenix
,,Butterfly Orthodontics,Phoenix,dental assistants,Came across Butterfly Orthodontics while looking at businesses in Phoenix.,https://www.butterflybraces.com/,(602) 938-6709,,,,,https://rovenhr.com/employers,https://rovenhr.com/contact.html?claim=,phoenix
,,Goettl Air Conditioning and Plumbing - Phoenix AZ,Phoenix,service techs,Came across Goettl Air Conditioning and Plumbing - Phoenix AZ while looking at businesses in Phoenix.,https://www.goettl.com/location/phoenix-arizona/?utm_source=Google&utm_medium=GBP&utm_campaign=Google.Business.Profile,(602) 517-0039,,,,,https://rovenhr.com/employers,https://rovenhr.com/contact.html?claim=,phoenix
,,Arizona Orthodontic Centers,Phoenix,dental assistants,Came across Arizona Orthodontic Centers while looking at businesses in Phoenix.,https://www.azorthodonticcenter.com/,(623) 877-8500,,,,,https://rovenhr.com/employers,https://rovenhr.com/contact.html?claim=,phoenix
,,American Home Water & Air,Phoenix,,Came across American Home Water & Air while looking at businesses in Phoenix.,https://americanhomewater.com/,(602) 726-1448,,,,,https://rovenhr.com/employers,https://rovenhr.com/contact.html?claim=,phoenix
,,Life Smiles Dental Care,Phoenix,dental assistants,Came across Life Smiles Dental Care while looking at businesses in Phoenix.,https://www.lifesmilesdentalcare.com/,(602) 786-5484,,,,,https://rovenhr.com/employers,https://rovenhr.com/contact.html?claim=,phoenix
,,Wyman Plumbing & Mechanical LLC,Phoenix,plumbers,Came across Wyman Plumbing & Mechanical LLC while looking at businesses in Phoenix.,https://www.wyman-services.com/?utm_source=google&utm_medium=organic&utm_campaign=gbp,(623) 255-5178,,,,,https://rovenhr.com/employers,https://rovenhr.com/contact.html?claim=,phoenix
,,APES HVAC & Plumbing,Phoenix,service techs,Came across APES HVAC & Plumbing while looking at businesses in Phoenix.,https://go4apes.com/,(623) 521-1172,,,,,https://rovenhr.com/employers,https://rovenhr.com/contact.html?claim=,phoenix
,,Desert Diamond Air Cooling & Heating,Phoenix,service techs,Came across Desert Diamond Air Cooling & Heating while looking at businesses in Phoenix.,https://desertdiamondhvac.com/residential/air-conditioning-repair/?utm_source=google&utm_medium=gmb&utm_campaign=phoenix&se_campaign=Google%20My%20Business%20-%20Clicked%20to%20Website,(623) 246-2377,,,,,https://rovenhr.com/employers,https://rovenhr.com/contact.html?claim=,phoenix
,,AZ Home Services Group AC Repair & Plumbing Services,Tempe,plumbers,Came across AZ Home Services Group AC Repair & Plumbing Services while looking at businesses in Tempe.,https://azhomeservices.group/,(602) 806-7212,,,,,https://rovenhr.com/employers,https://rovenhr.com/contact.html?claim=,phoenix
,,"Penguin Air, Plumbing & Electrical",Phoenix,plumbers,"Came across Penguin Air, Plumbing & Electrical while looking at businesses in Phoenix.",https://www.penguinair.com/?utm_source=google&utm_medium=organic&utm_campaign=GMBListing-Phoenix-AZ,(480) 581-1976,,,,,https://rovenhr.com/employers,https://rovenhr.com/contact.html?claim=,phoenix
,,"Reeis Air Conditioning, Plumbing & Electrical",Phoenix,service techs,"Came across Reeis Air Conditioning, Plumbing & Electrical while looking at businesses in Phoenix.",http://reeis.com/,(480) 581-5683,,,,,https://rovenhr.com/employers,https://rovenhr.com/contact.html?claim=,phoenix
,,The Aussie Plumber,Phoenix,plumbers,Came across The Aussie Plumber while looking at businesses in Phoenix.,https://www.theaussieplumber.com/,(602) 820-5551,,,,,https://rovenhr.com/employers,https://rovenhr.com/contact.html?claim=,phoenix
,,"Any Hour Services - Electric, Plumbing, Heating & Air",Phoenix,service techs,"Came across Any Hour Services - Electric, Plumbing, Heating & Air while looking at businesses in Phoenix.",https://anyhourservices.com/arizona/,(602) 609-7184,,,,,https://rovenhr.com/employers,https://rovenhr.com/contact.html?claim=,phoenix
,,Reliance Heating & Air Conditioning,Phoenix,service techs,Came across Reliance Heating & Air Conditioning while looking at businesses in Phoenix.,https://www.relianceac.com/?utm_source=Google&utm_medium=Google+Business+Profile&utm_campaign=GBP,(602) 607-2150,,,,,https://rovenhr.com/employers,https://rovenhr.com/contact.html?claim=,phoenix
,,George Brazil Air Conditioning & Heating,Phoenix,service techs,Came across George Brazil Air Conditioning & Heating while looking at businesses in Phoenix.,https://georgebrazilhvac.com/?utm_source=google&utm_medium=gbp,(602) 649-1374,,,,,https://rovenhr.com/employers,https://rovenhr.com/contact.html?claim=,phoenix
,,Biltmore Commons Dental Care,Phoenix,dental assistants,Came across Biltmore Commons Dental Care while looking at businesses in Phoenix.,https://www.biltmorecommonsdental.com/?utm_source=google&utm_medium=organic&utm_campaign=gmb,(602) 249-2227,,,,,https://rovenhr.com/employers,https://rovenhr.com/contact.html?claim=,phoenix
,,Ideal Air Conditioning and Insulation,Phoenix,service techs,Came across Ideal Air Conditioning and Insulation while looking at businesses in Phoenix.,https://www.idealairaz.com/?utm_campaign=gmb&utm_medium=organic&utm_source=gmb,(480) 573-7604,,,,,https://rovenhr.com/employers,https://rovenhr.com/contact.html?claim=,phoenix
,,"Robins Plumbing, Inc",Phoenix,plumbers,"Came across Robins Plumbing, Inc while looking at businesses in Phoenix.",https://www.robinsplumbing.com/,(623) 486-4657,,,,,https://rovenhr.com/employers,https://rovenhr.com/contact.html?claim=,phoenix
,,North Valley Mechanical HVAC & Plumbing,Phoenix,service techs,Came across North Valley Mechanical HVAC & Plumbing while looking at businesses in Phoenix.,https://northvalleymechanical.com/,(602) 975-4247,,,,,https://rovenhr.com/employers,https://rovenhr.com/contact.html?claim=,phoenix
,,"1st Choice Plumbing, Air & Insulation",Phoenix,plumbers,"Came across 1st Choice Plumbing, Air & Insulation while looking at businesses in Phoenix.",https://1stchoicemechanicalaz.com/air-conditioning-phoenix-az/?utm_source=google&utm_medium=organic&utm_campaign=gbp,(623) 292-3697,,,,,https://rovenhr.com/employers,https://rovenhr.com/contact.html?claim=,phoenix
,,Air Conditioning of Arizona,Scottsdale,service techs,Came across Air Conditioning of Arizona while looking at businesses in Scottsdale.,https://www.acofaz.net/,(480) 250-3882,,,,,https://rovenhr.com/employers,https://rovenhr.com/contact.html?claim=,phoenix
,,"Benjamin Franklin Plumbing of Phoenix, AZ",Phoenix,plumbers,"Came across Benjamin Franklin Plumbing of Phoenix, AZ while looking at businesses in Phoenix.",https://www.benfranklinplumbingaz.com/?utm_source=organic&utm_medium=gbp_listing,(480) 223-9348,,,,,https://rovenhr.com/employers,https://rovenhr.com/contact.html?claim=,phoenix
,,"Maloney Plumbing & Drain Services in Phoenix, AZ",Phoenix,plumbers,"Came across Maloney Plumbing & Drain Services in Phoenix, AZ while looking at businesses in Phoenix.",https://www.maloneyplumbing.com/?utm_source=gmb&utm_medium=organic,(602) 671-3617,,,,,https://rovenhr.com/employers,https://rovenhr.com/contact.html?claim=,phoenix
,,Brilliant Smiles Dentistry,Scottsdale,dental assistants,Came across Brilliant Smiles Dentistry while looking at businesses in Scottsdale.,https://www.brilliantsmilesdentistry.com/,(480) 613-3476,,,,,https://rovenhr.com/employers,https://rovenhr.com/contact.html?claim=,phoenix
,,Same Day Air Repair,Phoenix,,Came across Same Day Air Repair while looking at businesses in Phoenix.,https://samedayairrepair.com/,(602) 571-1728,,,,,https://rovenhr.com/employers,https://rovenhr.com/contact.html?claim=,phoenix
,,Island Breeze Air Conditioning & Heating LLC,Phoenix,service techs,Came across Island Breeze Air Conditioning & Heating LLC while looking at businesses in Phoenix.,https://islandbreeze-ac.com/,(623) 692-6013,,,,,https://rovenhr.com/employers,https://rovenhr.com/contact.html?claim=,phoenix
,,Mountainside Air Conditioning Repair,Phoenix,service techs,Came across Mountainside Air Conditioning Repair while looking at businesses in Phoenix.,https://mountainsideair.com/ac-repair-phoenix-az/?utm_campaign=gmb,(480) 914-3425,,,,,https://rovenhr.com/employers,https://rovenhr.com/contact.html?claim=,phoenix
,,Brookstone Dental Care - Phoenix,Phoenix,dental assistants,Came across Brookstone Dental Care - Phoenix while looking at businesses in Phoenix.,https://brookstoneaz.com/?utm_source=GMB&utm_medium=Organic&utm_campaign=GMBListing,(602) 992-1639,,,,,https://rovenhr.com/employers,https://rovenhr.com/contact.html?claim=,phoenix
,,Simon's Plumbing,Phoenix,plumbers,Came across Simon's Plumbing while looking at businesses in Phoenix.,https://simonsplumbingaz.com/,(602) 739-4117,,,,,https://rovenhr.com/employers,https://rovenhr.com/contact.html?claim=,phoenix
,,Union Hills Family Dental Care & Orthodontics,Phoenix,dental assistants,Came across Union Hills Family Dental Care & Orthodontics while looking at businesses in Phoenix.,https://www.unionhillsdental.com/,(623) 582-6789,,,,,https://rovenhr.com/employers,https://rovenhr.com/contact.html?claim=,phoenix
,,Open Wide Dental,Phoenix,dental assistants,Came across Open Wide Dental while looking at businesses in Phoenix.,https://openwidedentalaz.com/?utm_source=GMBListing&utm_medium=Organic,(602) 806-9999,,,,,https://rovenhr.com/employers,https://rovenhr.com/contact.html?claim=,phoenix
,,Deer Valley Plumbing & Air Conditioning - Phoenix,Phoenix,service techs,Came across Deer Valley Plumbing & Air Conditioning - Phoenix while looking at businesses in Phoenix.,https://www.deervalleyplumbing.com/,(623) 250-2680,,,,,https://rovenhr.com/employers,https://rovenhr.com/contact.html?claim=,phoenix
,,AZ Perfect Comfort Heating & Cooling,Phoenix,service techs,Came across AZ Perfect Comfort Heating & Cooling while looking at businesses in Phoenix.,https://azperfectcomfort.com/?utm_source=gbp&utm_medium=organic,(602) 551-6223,,,,,https://rovenhr.com/employers,https://rovenhr.com/contact.html?claim=,phoenix
,,Benefit Air Conditioning,Phoenix,service techs,Came across Benefit Air Conditioning while looking at businesses in Phoenix.,http://www.benefitair.com/,(602) 840-9229,,,,,https://rovenhr.com/employers,https://rovenhr.com/contact.html?claim=,phoenix
,,Got Memories - By Appointment,Phoenix,,Came across Got Memories - By Appointment while looking at businesses in Phoenix.,http://www.gotmemories.com/,(602) 438-4381,,,,,https://rovenhr.com/employers,https://rovenhr.com/contact.html?claim=,phoenix
,,Integrity Air Conditioning & Heating L.L.C,Phoenix,service techs,Came across Integrity Air Conditioning & Heating L.L.C while looking at businesses in Phoenix.,https://integrity-hvac.com/?utm_source=google&utm_medium=organic&utm_campaign=gbp-profile,(602) 971-0567,,,,,https://rovenhr.com/employers,https://rovenhr.com/contact.html?claim=,phoenix
,,Advanced Dental Care of AZ,Phoenix,dental assistants,Came across Advanced Dental Care of AZ while looking at businesses in Phoenix.,https://www.advanceddentalcareofaz.com/,(602) 504-6400,,,,,https://rovenhr.com/employers,https://rovenhr.com/contact.html?claim=,phoenix
,,The Peak Dental (formerly Squaw Peak Dental),Phoenix,dental assistants,Came across The Peak Dental (formerly Squaw Peak Dental) while looking at businesses in Phoenix.,https://www.thepeakdental.com/?utm_campaign=gmb,(602) 997-6440,,,,,https://rovenhr.com/employers,https://rovenhr.com/contact.html?claim=,phoenix
,,Cool Zone Air Conditioning & Heating,Phoenix,service techs,Came across Cool Zone Air Conditioning & Heating while looking at businesses in Phoenix.,https://www.coolzoneair.com/?utm_source=google&utm_medium=organic&utm_campaign=GMBListing-phoenix-az,(623) 250-0012,,,,,https://rovenhr.com/employers,https://rovenhr.com/contact.html?claim=,phoenix
,,Premier Orthodontics of Central Phoenix,Phoenix,dental assistants,Came across Premier Orthodontics of Central Phoenix while looking at businesses in Phoenix.,https://yourazbraces.com/,(480) 361-4600,,,,,https://rovenhr.com/employers,https://rovenhr.com/contact.html?claim=,phoenix
,,Minted Dental,Phoenix,dental assistants,Came across Minted Dental while looking at businesses in Phoenix.,https://www.minteddental.com/,(480) 400-1794,,,,,https://rovenhr.com/employers,https://rovenhr.com/contact.html?claim=,phoenix
,,OoLi Orthodontics,Phoenix,dental assistants,Came across OoLi Orthodontics while looking at businesses in Phoenix.,https://ooliortho.com/,(602) 249-1937,,,,,https://rovenhr.com/employers,https://rovenhr.com/contact.html?claim=,phoenix
,,"Murphy Orthodontics - Chris Murphy, DDS",Phoenix,dental assistants,"Came across Murphy Orthodontics - Chris Murphy, DDS while looking at businesses in Phoenix.",https://www.murphyorthodontics.com/,(602) 482-0022,,,,,https://rovenhr.com/employers,https://rovenhr.com/contact.html?claim=,phoenix
,,Popat Orthodontics & Madison Pediatric Dentistry,Phoenix,dental assistants,Came across Popat Orthodontics & Madison Pediatric Dentistry while looking at businesses in Phoenix.,https://popatorthodontics.com/?utm_source=google&utm_medium=organic&utm_campaign=gpb,(602) 265-0303,,,,,https://rovenhr.com/employers,https://rovenhr.com/contact.html?claim=,phoenix
,,Phoenix Family Dentistry,Phoenix,dental assistants,Came across Phoenix Family Dentistry while looking at businesses in Phoenix.,https://www.phoenixfamilydentistry.com/,(602) 547-9007,,,,,https://rovenhr.com/employers,https://rovenhr.com/contact.html?claim=,phoenix
,,Springs Plumbing,Phoenix,plumbers,Came across Springs Plumbing while looking at businesses in Phoenix.,https://www.springsplumbingaz.com/plumber-phoenix-az,(480) 265-6936,,,,,https://rovenhr.com/employers,https://rovenhr.com/contact.html?claim=,phoenix
,,Dental Home Family Dentistry Phoenix,Phoenix,dental assistants,Came across Dental Home Family Dentistry Phoenix while looking at businesses in Phoenix.,https://www.dentalhomeaz.com/,(602) 863-3000,,,,,https://rovenhr.com/employers,https://rovenhr.com/contact.html?claim=,phoenix
,,Downtown Phoenix Dental,Phoenix,dental assistants,Came across Downtown Phoenix Dental while looking at businesses in Phoenix.,https://www.downtownphoenixdental.com/?utm_source=google&utm_medium=google_business_profile&utm_campaign=website_click,(602) 626-7952,,,,,https://rovenhr.com/employers,https://rovenhr.com/contact.html?claim=,phoenix
,,On Pointe Dentistry,Phoenix,dental assistants,Came across On Pointe Dentistry while looking at businesses in Phoenix.,https://opdaz.com/?utm_source=GMBListing&utm_medium=Organic,(602) 737-1497,,,,,https://rovenhr.com/employers,https://rovenhr.com/contact.html?claim=,phoenix
,,Clear Air Conditioning and Heating,Phoenix,service techs,Came across Clear Air Conditioning and Heating while looking at businesses in Phoenix.,http://clearairaz.com/,(623) 516-8373,,,,,https://rovenhr.com/employers,https://rovenhr.com/contact.html?claim=,phoenix
,,Downtown Smiles Phoenix Dental Care,Phoenix,dental assistants,Came across Downtown Smiles Phoenix Dental Care while looking at businesses in Phoenix.,http://downtownsmilesphx.com/,(602) 566-9005,,,,,https://rovenhr.com/employers,https://rovenhr.com/contact.html?claim=,phoenix
,,Veterans AC Repair Phoenix,Phoenix,,Came across Veterans AC Repair Phoenix while looking at businesses in Phoenix.,https://veteransacphx.com/,(602) 830-1499,,,,,https://rovenhr.com/employers,https://rovenhr.com/contact.html?claim=,phoenix
,,Complete Dental Care Paradise Valley,Phoenix,dental assistants,Came across Complete Dental Care Paradise Valley while looking at businesses in Phoenix.,https://www.completedentalcareaz.com/,(480) 530-0492,,,,,https://rovenhr.com/employers,https://rovenhr.com/contact.html?claim=,phoenix
,,Somers Plumbers - Phoenix Plumbing Company,Phoenix,plumbers,Came across Somers Plumbers - Phoenix Plumbing Company while looking at businesses in Phoenix.,https://www.somersplumbers.net/,(480) 568-2596,,,,,https://rovenhr.com/employers,https://rovenhr.com/contact.html?claim=,phoenix
,,Arizona Biltmore Dentistry,Phoenix,dental assistants,Came across Arizona Biltmore Dentistry while looking at businesses in Phoenix.,https://www.arizonabiltmoredentistry.com/?utm_campaign=gmb,(602) 737-3624,,,,,https://rovenhr.com/employers,https://rovenhr.com/contact.html?claim=,phoenix
,,All Smiles Dental Care,Phoenix,dental assistants,Came across All Smiles Dental Care while looking at businesses in Phoenix.,https://allsmilesaz.net/,(602) 960-9130,,,,,https://rovenhr.com/employers,https://rovenhr.com/contact.html?claim=,phoenix
,,Dental Care at Moon Valley,Phoenix,dental assistants,Came across Dental Care at Moon Valley while looking at businesses in Phoenix.,https://www.dentalcareatmoonvalley.com/,(602) 843-6000,,,,,https://rovenhr.com/employers,https://rovenhr.com/contact.html?claim=,phoenix
,,Scottsdale Air Heating & Cooling,Phoenix,service techs,Came across Scottsdale Air Heating & Cooling while looking at businesses in Phoenix.,https://www.scottsdaleair.com/,(602) 834-2160,,,,,https://rovenhr.com/employers,https://rovenhr.com/contact.html?claim=,phoenix
,,Smile Dental Clinics,Phoenix,dental assistants,Came across Smile Dental Clinics while looking at businesses in Phoenix.,https://www.smiledentalclinics.com/,(623) 257-7475,,,,,https://rovenhr.com/employers,https://rovenhr.com/contact.html?claim=,phoenix
,,Arizona Orthodontic Studio,Phoenix,dental assistants,Came across Arizona Orthodontic Studio while looking at businesses in Phoenix.,http://www.thesmilecreators.com/,(480) 451-3088,,,,,https://rovenhr.com/employers,https://rovenhr.com/contact.html?claim=,phoenix
,,Dunn Orthodontics,Phoenix,dental assistants,Came across Dunn Orthodontics while looking at businesses in Phoenix.,https://dunn-orthodontics.com/,(602) 864-0004,,,,,https://rovenhr.com/employers,https://rovenhr.com/contact.html?claim=,phoenix
,,North Valley Orthodontics,Phoenix,dental assistants,Came across North Valley Orthodontics while looking at businesses in Phoenix.,http://northvalleysmiles.com/,(480) 419-2222,,,,,https://rovenhr.com/employers,https://rovenhr.com/contact.html?claim=,phoenix
,,Weekend Dental Care,Phoenix,dental assistants,Came across Weekend Dental Care while looking at businesses in Phoenix.,https://www.weekend-dentalcare.com/,(602) 466-3001,,,,,https://rovenhr.com/employers,https://rovenhr.com/contact.html?claim=,phoenix
,,4Him Cooling and Heating Co,Phoenix,service techs,Came across 4Him Cooling and Heating Co while looking at businesses in Phoenix.,https://www.4himcooling.com/?utm_campaign=gmb,(623) 294-1512,,,,,https://rovenhr.com/employers,https://rovenhr.com/contact.html?claim=,phoenix
,,SG Mechanical Heating & Air,Phoenix,service techs,Came across SG Mechanical Heating & Air while looking at businesses in Phoenix.,https://www.sgmechanicalair.com/,(623) 777-9577,,,,,https://rovenhr.com/employers,https://rovenhr.com/contact.html?claim=,phoenix
,,Ultra Dental - North Phoenix,Phoenix,dental assistants,Came across Ultra Dental - North Phoenix while looking at businesses in Phoenix.,https://ultradental.com/,(602) 613-8004,,,,,https://rovenhr.com/employers,https://rovenhr.com/contact.html?claim=,phoenix
,,"We Care Dental Phoenix, AZ",Phoenix,dental assistants,"Came across We Care Dental Phoenix, AZ while looking at businesses in Phoenix.",https://www.wecaredentalaz.com/,(602) 755-1671,,,,,https://rovenhr.com/employers,https://rovenhr.com/contact.html?claim=,phoenix
,,Smile Dental Studio,Phoenix,dental assistants,Came across Smile Dental Studio while looking at businesses in Phoenix.,https://ddsarizona.com/smile-dental-studio/?utm_source=google&utm_medium=organic&utm_campaign=gbp_smiledental_website,(602) 789-1131,,,,,https://rovenhr.com/employers,https://rovenhr.com/contact.html?claim=,phoenix
,,Lincoln Air,Phoenix,,Came across Lincoln Air while looking at businesses in Phoenix.,https://lincolnair.com/?utm_source=GBP&utm_medium=organic,(623) 280-2358,,,,,https://rovenhr.com/employers,https://rovenhr.com/contact.html?claim=,phoenix
,,Affordable Dentures & Implants,Phoenix,,Came across Affordable Dentures & Implants while looking at businesses in Phoenix.,https://www.affordabledentures.com/locations/az/north-phoenix?utm_source=GMB&utm_medium=Organic_Listing&utm_campaign=34393,(201) 275-1196,,,,,https://rovenhr.com/employers,https://rovenhr.com/contact.html?claim=,phoenix
,,Arizona Orthodontic Studio,Phoenix,dental assistants,Came across Arizona Orthodontic Studio while looking at businesses in Phoenix.,https://thesmilecreators.com/,(480) 451-3088,,,,,https://rovenhr.com/employers,https://rovenhr.com/contact.html?claim=,phoenix
,,Pearl Dental,Phoenix,dental assistants,Came across Pearl Dental while looking at businesses in Phoenix.,http://pearldentalaz.com/?utm_source=GMBlisting&utm_medium=organic,(602) 899-6950,,,,,https://rovenhr.com/employers,https://rovenhr.com/contact.html?claim=,phoenix
,,Tatum Dental Care,Phoenix,dental assistants,Came across Tatum Dental Care while looking at businesses in Phoenix.,https://www.tatumdentalcareaz.com/,(602) 482-3100,,,,,https://rovenhr.com/employers,https://rovenhr.com/contact.html?claim=,phoenix
,,Promise Heating & Air,Phoenix,service techs,Came across Promise Heating & Air while looking at businesses in Phoenix.,http://promiseheatingandair.com/?utm_campaign=gmb,(602) 363-0230,,,,,https://rovenhr.com/employers,https://rovenhr.com/contact.html?claim=,phoenix
,,"Affordable Plumbing, Rooter and Water Heaters",Phoenix,plumbers,"Came across Affordable Plumbing, Rooter and Water Heaters while looking at businesses in Phoenix.",https://www.affordableplumbingaz.com/near-me-plumbers-phoenix-az/?utm_source=google&utm_medium=gbp-32,(480) 660-8900,,,,,https://rovenhr.com/employers,https://rovenhr.com/contact.html?claim=,phoenix
,,Family Dental Phoenix,Phoenix,dental assistants,Came across Family Dental Phoenix while looking at businesses in Phoenix.,https://www.familydentalphx.com/,(602) 864-1119,,,,,https://rovenhr.com/employers,https://rovenhr.com/contact.html?claim=,phoenix
,,Emergency Dental of Phoenix,Scottsdale,dental assistants,Came across Emergency Dental of Phoenix while looking at businesses in Scottsdale.,https://emergencydentalofphoenix.com/,(480) 426-8411,,,,,https://rovenhr.com/employers,https://rovenhr.com/contact.html?claim=,phoenix
,,Dental on Central,Phoenix,dental assistants,Came across Dental on Central while looking at businesses in Phoenix.,https://www.dentaloncentral.com/,(602) 266-1776,,,,,https://rovenhr.com/employers,https://rovenhr.com/contact.html?claim=,phoenix
,,Six Star AC & Refrigeration,Phoenix,,Came across Six Star AC & Refrigeration while looking at businesses in Phoenix.,https://sixstarac.com/,(602) 404-3444,,,,,https://rovenhr.com/employers,https://rovenhr.com/contact.html?claim=,phoenix
,,Birk Family Dentistry,Phoenix,dental assistants,Came across Birk Family Dentistry while looking at businesses in Phoenix.,https://birkfamilydentistry.com/,(480) 565-7473,,,,,https://rovenhr.com/employers,https://rovenhr.com/contact.html?claim=,phoenix
,,Serrano Orthodontics,Phoenix,dental assistants,Came across Serrano Orthodontics while looking at businesses in Phoenix.,https://serranoorthodontics.com/,(602) 274-7840,,,,,https://rovenhr.com/employers,https://rovenhr.com/contact.html?claim=,phoenix
,,Gentle Dental East Bell,Phoenix,dental assistants,Came across Gentle Dental East Bell while looking at businesses in Phoenix.,https://gentledental.interdent.com/locations/az/phoenix-bell-road/?utm_source=gbp&utm_medium=organic&utm_campaign=gbp-listing&utm_content=GDBELL&y_source=1_MTA5NjAyNjY0My03MTUtbG9jYXRpb24ud2Vic2l0ZQ%3D%3D,(480) 564-4988,,,,,https://rovenhr.com/employers,https://rovenhr.com/contact.html?claim=,phoenix
,,Custom Plumbing of Arizona - Phoenix,Phoenix,plumbers,Came across Custom Plumbing of Arizona - Phoenix while looking at businesses in Phoenix.,https://customplumbingaz.com/,(602) 866-2665,,,,,https://rovenhr.com/employers,https://rovenhr.com/contact.html?claim=,phoenix
,,Bell Road Dental Care of Phoenix,Phoenix,dental assistants,Came across Bell Road Dental Care of Phoenix while looking at businesses in Phoenix.,https://www.bellroaddentalcare.com/,(602) 404-3483,,,,,https://rovenhr.com/employers,https://rovenhr.com/contact.html?claim=,phoenix
,,Local Roots AC and Plumbing LLC,Phoenix,plumbers,Came across Local Roots AC and Plumbing LLC while looking at businesses in Phoenix.,https://calllocalroots.com/,(602) 560-8989,,,,,https://rovenhr.com/employers,https://rovenhr.com/contact.html?claim=,phoenix
,,Paradise Ridge Dentistry,Phoenix,dental assistants,Came across Paradise Ridge Dentistry while looking at businesses in Phoenix.,https://phoenixarizonadentistry.com/,(602) 313-3947,,,,,https://rovenhr.com/employers,https://rovenhr.com/contact.html?claim=,phoenix
,,Just Air LLC,Phoenix,,Came across Just Air LLC while looking at businesses in Phoenix.,http://justairllc.com/,(602) 595-8544,,,,,https://rovenhr.com/employers,https://rovenhr.com/contact.html?claim=,phoenix
,,Supreme Comfort LLC,Phoenix,,Came across Supreme Comfort LLC while looking at businesses in Phoenix.,https://supremecomfortaz.com/,(623) 400-6615,,,,,https://rovenhr.com/employers,https://rovenhr.com/contact.html?claim=,phoenix
,,Solterra Dentistry,Phoenix,dental assistants,Came across Solterra Dentistry while looking at businesses in Phoenix.,https://www.solterradentistry.com/,(602) 788-0730,,,,,https://rovenhr.com/employers,https://rovenhr.com/contact.html?claim=,phoenix
,,Dunn Orthodontics,Scottsdale,dental assistants,Came across Dunn Orthodontics while looking at businesses in Scottsdale.,https://dunn-orthodontics.com/,(480) 634-7731,,,,,https://rovenhr.com/employers,https://rovenhr.com/contact.html?claim=,phoenix
,,Dental Specialty Associates,Phoenix,dental assistants,Came across Dental Specialty Associates while looking at businesses in Phoenix.,https://www.arizonadentalspecialists.com/?utm_campaign=gmb,(602) 962-7558,,,,,https://rovenhr.com/employers,https://rovenhr.com/contact.html?claim=,phoenix
,,Studio House AZ,Phoenix,,Came across Studio House AZ while looking at businesses in Phoenix.,http://www.studiohouseaz.com/,,,,,,https://rovenhr.com/employers,https://rovenhr.com/contact.html?claim=,phoenix
,,Cactus Mechanical Inc. Air Conditioning / Heating,Phoenix,service techs,Came across Cactus Mechanical Inc. Air Conditioning / Heating while looking at businesses in Phoenix.,http://www.cactusmechanical.com/,(602) 866-1200,,,,,https://rovenhr.com/employers,https://rovenhr.com/contact.html?claim=,phoenix
,,Paradise Valley Family Dental,Phoenix,dental assistants,Came across Paradise Valley Family Dental while looking at businesses in Phoenix.,http://pvfdental.com/,(602) 992-5600,,,,,https://rovenhr.com/employers,https://rovenhr.com/contact.html?claim=,phoenix
,,Modern Smiles Family Dentistry,Phoenix,dental assistants,Came across Modern Smiles Family Dentistry while looking at businesses in Phoenix.,https://www.modernsmilesaz.com/,(602) 457-4788,,,,,https://rovenhr.com/employers,https://rovenhr.com/contact.html?claim=,phoenix
,,Dental Depot,Phoenix,dental assistants,Came across Dental Depot while looking at businesses in Phoenix.,https://dentaldepotarizona.com/locations/northeast-phoenix/?y_source=1_Nzk3MzUxMDgtNzE1LWxvY2F0aW9uLndlYnNpdGU%3D,(480) 605-3666,,,,,https://rovenhr.com/employers,https://rovenhr.com/contact.html?claim=,phoenix
,,Rising Smiles Dentistry,Phoenix,dental assistants,Came across Rising Smiles Dentistry while looking at businesses in Phoenix.,https://risingsmilesdentistry.com/,(602) 362-8284,,,,,https://rovenhr.com/employers,https://rovenhr.com/contact.html?claim=,phoenix
,,Pink Plumbing and Sewer,Phoenix,plumbers,Came across Pink Plumbing and Sewer while looking at businesses in Phoenix.,http://www.pinkplumbingandsewer.com/,(602) 562-5290,,,,,https://rovenhr.com/employers,https://rovenhr.com/contact.html?claim=,phoenix
,,Lia`s Photography,Phoenix,second shooters,Came across Lia`s Photography while looking at businesses in Phoenix.,http://www.liasphotography.com/,(602) 503-8019,,,,,https://rovenhr.com/employers,https://rovenhr.com/contact.html?claim=,phoenix
,,7 North Dental,Phoenix,dental assistants,Came across 7 North Dental while looking at businesses in Phoenix.,https://7northdental.com/?utm_source=google.com&utm_medium=business+profile&utm_campaign=,(602) 910-5700,,,,,https://rovenhr.com/employers,https://rovenhr.com/contact.html?claim=,phoenix
,,Thomas Shull Photography,Phoenix,second shooters,Came across Thomas Shull Photography while looking at businesses in Phoenix.,http://www.thomasshull.com/,(760) 803-9444,,,,,https://rovenhr.com/employers,https://rovenhr.com/contact.html?claim=,phoenix
,,General Dentistry 4 Kids,Phoenix,dental assistants,Came across General Dentistry 4 Kids while looking at businesses in Phoenix.,https://gd4kphx.com/?utm_source=google&utm_medium=organic&utm_campaign=profile+greenway,(602) 996-6065,,,,,https://rovenhr.com/employers,https://rovenhr.com/contact.html?claim=,phoenix
,,Core Comfort HVAC,Tempe,service techs,Came across Core Comfort HVAC while looking at businesses in Tempe.,https://azminisplitinstall.com/,(602) 960-2278,,,,,https://rovenhr.com/employers,https://rovenhr.com/contact.html?claim=,phoenix
,,Dial One Mears Air Conditioning & Heating Inc,Phoenix,service techs,Came across Dial One Mears Air Conditioning & Heating Inc while looking at businesses in Phoenix.,https://www.mearsac.com/?utm_source=google&utm_medium=organic&utm_campaign=gbp-profile,(602) 997-5701,,,,,https://rovenhr.com/employers,https://rovenhr.com/contact.html?claim=,phoenix
,,Sound Valley Studios,Phoenix,,Came across Sound Valley Studios while looking at businesses in Phoenix.,https://www.soundvalleystudios.com/,(402) 560-8291,,,,,https://rovenhr.com/employers,https://rovenhr.com/contact.html?claim=,phoenix
,,Tavits Photography,Scottsdale,second shooters,Came across Tavits Photography while looking at businesses in Scottsdale.,https://tavitsphotography.com/,(480) 299-8664,,,,,https://rovenhr.com/employers,https://rovenhr.com/contact.html?claim=,phoenix
,,Desert Ridge Smiles,Phoenix,,Came across Desert Ridge Smiles while looking at businesses in Phoenix.,http://www.desertridgesmiles.com/,(480) 860-4300,,,,,https://rovenhr.com/employers,https://rovenhr.com/contact.html?claim=,phoenix
,,Acapello Photography,Phoenix,second shooters,Came across Acapello Photography while looking at businesses in Phoenix.,https://acapellophotography.com/,(203) 848-8824,,,,,https://rovenhr.com/employers,https://rovenhr.com/contact.html?claim=,phoenix
,,SS Orthodontics,Phoenix,dental assistants,Came across SS Orthodontics while looking at businesses in Phoenix.,https://ssorthodonticsphx.com/,(602) 485-4700,,,,,https://rovenhr.com/employers,https://rovenhr.com/contact.html?claim=,phoenix
,,Ocean Plumbing LLC,Phoenix,plumbers,Came across Ocean Plumbing LLC while looking at businesses in Phoenix.,https://oceanplumbingaz.com/,(602) 755-3860,,,,,https://rovenhr.com/employers,https://rovenhr.com/contact.html?claim=,phoenix
,,Budd Orthodontics,Phoenix,dental assistants,Came across Budd Orthodontics while looking at businesses in Phoenix.,https://www.buddorthodontics.com/,(602) 493-3338,,,,,https://rovenhr.com/employers,https://rovenhr.com/contact.html?claim=,phoenix
,,Elite AC & Heating,Phoenix,service techs,Came across Elite AC & Heating while looking at businesses in Phoenix.,https://www.eliteacandheatingaz.com/,(480) 933-1303,,,,,https://rovenhr.com/employers,https://rovenhr.com/contact.html?claim=,phoenix
,,Hollywood Photo Studios,Phoenix,,Came across Hollywood Photo Studios while looking at businesses in Phoenix.,http://www.hollywoodphotostudiosaz.com/,(602) 923-1717,,,,,https://rovenhr.com/employers,https://rovenhr.com/contact.html?claim=,phoenix
,,Semper Fi Heating and Cooling,Phoenix,service techs,Came across Semper Fi Heating and Cooling while looking at businesses in Phoenix.,https://www.semperfiheatingcooling.com/heating-cooling-phoenix-az/?utm_source=GBPSouthPHX,(623) 283-2272,,,,,https://rovenhr.com/employers,https://rovenhr.com/contact.html?claim=,phoenix
,,Rachel Solomon Photography,Phoenix,second shooters,Came across Rachel Solomon Photography while looking at businesses in Phoenix.,http://rachel-solomon.com/,(602) 690-2366,,,,,https://rovenhr.com/employers,https://rovenhr.com/contact.html?claim=,phoenix
,,AZ Family Dental - Phoenix,Phoenix,dental assistants,Came across AZ Family Dental - Phoenix while looking at businesses in Phoenix.,https://www.azfd.com/locations/phoenix/,(602) 844-2431,,,,,https://rovenhr.com/employers,https://rovenhr.com/contact.html?claim=,phoenix
,,Boojum Tree Hidden Gardens,Phoenix,,Came across Boojum Tree Hidden Gardens while looking at businesses in Phoenix.,https://boojumtree.com/,(602) 867-8975,,,,,https://rovenhr.com/employers,https://rovenhr.com/contact.html?claim=,phoenix
,,Dentists of Paradise Valley,Phoenix,dental assistants,Came across Dentists of Paradise Valley while looking at businesses in Phoenix.,https://www.dentistsofparadisevalley.com/?sc_cid=GBP%3AO%3AGP%3A481%3AOrganic_Search%3AGeneral%3Ana&_vsrefdom=organic_gbp&y_source=1_MTA4MzE5NTItNzE1LWxvY2F0aW9uLndlYnNpdGU%3D,(602) 344-9463,,,,,https://rovenhr.com/employers,https://rovenhr.com/contact.html?claim=,phoenix
,,Dental Therapy - Phoenix,Phoenix,dental assistants,Came across Dental Therapy - Phoenix while looking at businesses in Phoenix.,https://mydentaltherapy.com/?utm_source=gmb&utm_medium=organic&utm_campaign=gmb-listing&utm_id=listing,(602) 944-4123,,,,,https://rovenhr.com/employers,https://rovenhr.com/contact.html?claim=,phoenix
,,Secret Garden by Wedgewood Weddings,Phoenix,,Came across Secret Garden by Wedgewood Weddings while looking at businesses in Phoenix.,https://www.wedgewoodweddings.com/secretgarden?utm_source=google&utm_medium=organic&utm_campaign=gmb&utm_content=secret-garden,(866) 966-3009,,,,,https://rovenhr.com/employers,https://rovenhr.com/contact.html?claim=,phoenix
,,AC by Sam LLC,Phoenix,,Came across AC by Sam LLC while looking at businesses in Phoenix.,https://acbysamllc.com/,(480) 427-5588,,,,,https://rovenhr.com/employers,https://rovenhr.com/contact.html?claim=,phoenix
,,"Four Seasons Home Services - Phoenix, AZ",Phoenix,,"Came across Four Seasons Home Services - Phoenix, AZ while looking at businesses in Phoenix.",https://fourseasonshs.com/,(480) 489-3210,,,,,https://rovenhr.com/employers,https://rovenhr.com/contact.html?claim=,phoenix
,,Martha Felix Photography,Phoenix,second shooters,Came across Martha Felix Photography while looking at businesses in Phoenix.,http://www.marthafelixphotography.com/,(360) 888-0812,,,,,https://rovenhr.com/employers,https://rovenhr.com/contact.html?claim=,phoenix
,,Diamondback Plumbing,Phoenix,plumbers,Came across Diamondback Plumbing while looking at businesses in Phoenix.,http://www.diamondbackplumbing.com/,(602) 428-0910,,,,,https://rovenhr.com/employers,https://rovenhr.com/contact.html?claim=,phoenix
,,Diamond AC and Heating,Phoenix,service techs,Came across Diamond AC and Heating while looking at businesses in Phoenix.,https://www.diamondacandheating.com/?utm_source=google&utm_medium=organic&utm_campaign=gbp,(602) 753-5375,,,,,https://rovenhr.com/employers,https://rovenhr.com/contact.html?claim=,phoenix
,,Shannon Burke Photography,Phoenix,second shooters,Came across Shannon Burke Photography while looking at businesses in Phoenix.,http://shannonburkephoto.com/,(602) 448-6628,,,,,https://rovenhr.com/employers,https://rovenhr.com/contact.html?claim=,phoenix
,,Hugo Brothers HVAC LLC,Phoenix,service techs,Came across Hugo Brothers HVAC LLC while looking at businesses in Phoenix.,https://hugohvac.online/,(623) 400-5866,,,,,https://rovenhr.com/employers,https://rovenhr.com/contact.html?claim=,phoenix
,,Lovelee Photography,Phoenix,second shooters,Came across Lovelee Photography while looking at businesses in Phoenix.,https://www.loveleephotos.com/,(480) 612-3812,,,,,https://rovenhr.com/employers,https://rovenhr.com/contact.html?claim=,phoenix
,,TAPS Media,Phoenix,,Came across TAPS Media while looking at businesses in Phoenix.,http://www.tapsmediallc.com/?utm_source=google&utm_medium=wix_google_business_profile&utm_campaign=17167803338744431667,(480) 620-2522,,,,,https://rovenhr.com/employers,https://rovenhr.com/contact.html?claim=,phoenix
,,Lee Collins Air Conditioning,Phoenix,service techs,Came across Lee Collins Air Conditioning while looking at businesses in Phoenix.,http://leecollinsac.com/,(602) 944-1571,,,,,https://rovenhr.com/employers,https://rovenhr.com/contact.html?claim=,phoenix
,,Photography is unique LLC,Phoenix,second shooters,Came across Photography is unique LLC while looking at businesses in Phoenix.,http://www.photographyisunique.com/,(602) 732-0680,,,,,https://rovenhr.com/employers,https://rovenhr.com/contact.html?claim=,phoenix
,,Gentle Dental 45th Street,Phoenix,dental assistants,Came across Gentle Dental 45th Street while looking at businesses in Phoenix.,https://gentledental.interdent.com/locations/az/phoenix-45th-street/?utm_source=gbp&utm_medium=organic&utm_campaign=gbp-listing&utm_content=GD45STREET&y_source=1_MTA5NjAyNjcxMi03MTUtbG9jYXRpb24ud2Vic2l0ZQ%3D%3D,(480) 564-4990,,,,,https://rovenhr.com/employers,https://rovenhr.com/contact.html?claim=,phoenix
,,D-MAK Productions,Phoenix,,Came across D-MAK Productions while looking at businesses in Phoenix.,https://dmakproductions.com/,(602) 926-0036,,,,,https://rovenhr.com/employers,https://rovenhr.com/contact.html?claim=,phoenix
,,Whole Health Dentistry AZ,Phoenix,dental assistants,Came across Whole Health Dentistry AZ while looking at businesses in Phoenix.,https://wholehealthdentistryaz.com/?utm_source=google.com&utm_medium=business+profile&utm_campaign=,(480) 571-2240,,,,,https://rovenhr.com/employers,https://rovenhr.com/contact.html?claim=,phoenix
,,Infinity Air Heating and Cooling,Phoenix,service techs,Came across Infinity Air Heating and Cooling while looking at businesses in Phoenix.,http://infinityaircool.com/,(480) 761-5690,,,,,https://rovenhr.com/employers,https://rovenhr.com/contact.html?claim=,phoenix
,,The Emergency Dentists,Phoenix,dental assistants,Came across The Emergency Dentists while looking at businesses in Phoenix.,https://www.emergencydentists.dental/locations/phoenix,(602) 755-0022,,,,,https://rovenhr.com/employers,https://rovenhr.com/contact.html?claim=,phoenix
,,Voyage Pro,Tempe,,Came across Voyage Pro while looking at businesses in Tempe.,https://www.voyagevideos.com/,(480) 256-8843,,,,,https://rovenhr.com/employers,https://rovenhr.com/contact.html?claim=,phoenix
,,United Appliances and Air,Phoenix,,Came across United Appliances and Air while looking at businesses in Phoenix.,https://unitedapplianceandair.com/,(602) 754-6303,,,,,https://rovenhr.com/employers,https://rovenhr.com/contact.html?claim=,phoenix
,,Signature Wedding Photography,Scottsdale,second shooters,Came across Signature Wedding Photography while looking at businesses in Scottsdale.,https://signatureweddingphotography.com/,(480) 299-8664,,,,,https://rovenhr.com/employers,https://rovenhr.com/contact.html?claim=,phoenix
,,Deer Valley Dental Group,Phoenix,dental assistants,Came across Deer Valley Dental Group while looking at businesses in Phoenix.,https://www.deervalleydentalgroup.com/?sc_cid=GBP%3AO%3AGP%3A473%3AOrganic_Search%3AGeneral%3Ana&_vsrefdom=organic_gbp&y_source=1_MzIxODU0My03MTUtbG9jYXRpb24ud2Vic2l0ZQ%3D%3D,(623) 255-3390,,,,,https://rovenhr.com/employers,https://rovenhr.com/contact.html?claim=,phoenix
,,Photo Fusion Studio,Phoenix,,Came across Photo Fusion Studio while looking at businesses in Phoenix.,http://www.photofusionstudio.com/?utm_source=GMB&utm_medium=Website,(602) 899-2201,,,,,https://rovenhr.com/employers,https://rovenhr.com/contact.html?claim=,phoenix
,,Natalie Ryan Photography,Phoenix,second shooters,Came across Natalie Ryan Photography while looking at businesses in Phoenix.,https://natalie-ryan.com/,(602) 793-0637,,,,,https://rovenhr.com/employers,https://rovenhr.com/contact.html?claim=,phoenix
,,The Good Vibe Studios,Phoenix,,Came across The Good Vibe Studios while looking at businesses in Phoenix.,http://www.thegoodvibestudios.com/,(602) 544-7430,,,,,https://rovenhr.com/employers,https://rovenhr.com/contact.html?claim=,phoenix
,,Black Tie Optional,Tempe,,Came across Black Tie Optional while looking at businesses in Tempe.,http://btoevents.com/,(480) 466-0215,,,,,https://rovenhr.com/employers,https://rovenhr.com/contact.html?claim=,phoenix
,,Smile Straight Orthodontics - Greenway Road,Phoenix,dental assistants,Came across Smile Straight Orthodontics - Greenway Road while looking at businesses in Phoenix.,https://smilestraightphx.com/?utm_source=google&utm_medium=organic&utm_campaign=profile+greenway,(623) 215-9699,,,,,https://rovenhr.com/employers,https://rovenhr.com/contact.html?claim=,phoenix
,,Tatum Point Dentistry,Phoenix,dental assistants,Came across Tatum Point Dentistry while looking at businesses in Phoenix.,https://tatumpointdentistry.com/,(602) 207-8832,,,,,https://rovenhr.com/employers,https://rovenhr.com/contact.html?claim=,phoenix
,,Air Lily,Phoenix,,Came across Air Lily while looking at businesses in Phoenix.,https://airlily.com/schedule/,(480) 525-3600,,,,,https://rovenhr.com/employers,https://rovenhr.com/contact.html?claim=,phoenix
,,Satyr Entertainment - Event Production and Planning,Phoenix,event staff,Came across Satyr Entertainment - Event Production and Planning while looking at businesses in Phoenix.,http://www.satyrentertainment.com/,(480) 565-2254,,,,,https://rovenhr.com/employers,https://rovenhr.com/contact.html?claim=,phoenix
,,Suzy Goodrick Photography,Gilbert,second shooters,Came across Suzy Goodrick Photography while looking at businesses in Gilbert.,http://www.suzygoodrick.com/,(415) 517-5836,,,,,https://rovenhr.com/employers,https://rovenhr.com/contact.html?claim=,phoenix
,,Marketplace Smiles Dentistry,Phoenix,dental assistants,Came across Marketplace Smiles Dentistry while looking at businesses in Phoenix.,https://www.marketplacesmiles.com/?sc_cid=GBP%3AO%3AGP%3A112%3AOrganic_Search%3AGeneral%3Ana&_vsrefdom=organic_gbp&y_source=1_MTEwMjcxMC03MTUtbG9jYXRpb24ud2Vic2l0ZQ%3D%3D,(480) 419-9200,,,,,https://rovenhr.com/employers,https://rovenhr.com/contact.html?claim=,phoenix
,,Awesome Phoenix,Scottsdale,,Came across Awesome Phoenix while looking at businesses in Scottsdale.,https://www.awesome-phoenix.com/,(602) 828-1397,,,,,https://rovenhr.com/employers,https://rovenhr.com/contact.html?claim=,phoenix
,,Luxury Air Conditioning & Plumbing,Phoenix,service techs,Came across Luxury Air Conditioning & Plumbing while looking at businesses in Phoenix.,https://www.luxuryairconditioning.com/,(602) 326-1065,,,,,https://rovenhr.com/employers,https://rovenhr.com/contact.html?claim=,phoenix
,,HVAC Refrigeration Frost Refrigeration Engineering LLC,Phoenix,service techs,Came across HVAC Refrigeration Frost Refrigeration Engineering LLC while looking at businesses in Phoenix.,https://frostref.com/,(602) 657-3835,,,,,https://rovenhr.com/employers,https://rovenhr.com/contact.html?claim=,phoenix
,,AccuTemp Refrigeration,Phoenix,,Came across AccuTemp Refrigeration while looking at businesses in Phoenix.,https://accutempaz.com/,(602) 957-3745,,,,,https://rovenhr.com/employers,https://rovenhr.com/contact.html?claim=,phoenix
,,Soul Agave Proposal + Wedding Planner,Gilbert,event staff,Came across Soul Agave Proposal + Wedding Planner while looking at businesses in Gilbert.,https://soulagave.com/,(480) 800-4853,,,,,https://rovenhr.com/employers,https://rovenhr.com/contact.html?claim=,phoenix
,,Great American Air Conditioning,Phoenix,service techs,Came across Great American Air Conditioning while looking at businesses in Phoenix.,https://www.greatamericanairconditioning.com/?utm_source=google&utm_medium=organic&utm_campaign=gbp,(480) 500-8311,,,,,https://rovenhr.com/employers,https://rovenhr.com/contact.html?claim=,phoenix
,,Spectrum Video & Film,Phoenix,,Came across Spectrum Video & Film while looking at businesses in Phoenix.,http://www.spectrumvideoandfilm.com/,(602) 889-0990,,,,,https://rovenhr.com/employers,https://rovenhr.com/contact.html?claim=,phoenix
,,Andrew Pielage Photography,Phoenix,second shooters,Came across Andrew Pielage Photography while looking at businesses in Phoenix.,http://www.apizm.com/,(510) 685-8113,,,,,https://rovenhr.com/employers,https://rovenhr.com/contact.html?claim=,phoenix
,,Jenny Taylor Photography,Phoenix,second shooters,Came across Jenny Taylor Photography while looking at businesses in Phoenix.,http://www.jennytaylorboudoirs.com/,(312) 800-3540,,,,,https://rovenhr.com/employers,https://rovenhr.com/contact.html?claim=,phoenix
,,Biltmore Mechanical Heating And Cooling LLC,Phoenix,service techs,Came across Biltmore Mechanical Heating And Cooling LLC while looking at businesses in Phoenix.,http://www.biltmoremechanical.com/,(602) 885-7328,,,,,https://rovenhr.com/employers,https://rovenhr.com/contact.html?claim=,phoenix
,,Westgate Events,Scottsdale,event staff,Came across Westgate Events while looking at businesses in Scottsdale.,http://www.westgateeventplanning.com/,,,,,,https://rovenhr.com/employers,https://rovenhr.com/contact.html?claim=,phoenix
,,Sensational Events,Phoenix,event staff,Came across Sensational Events while looking at businesses in Phoenix.,http://www.sensationalevents.com/,(602) 696-4646,,,,,https://rovenhr.com/employers,https://rovenhr.com/contact.html?claim=,phoenix
,,Mandy Marie Events,Scottsdale,event staff,Came across Mandy Marie Events while looking at businesses in Scottsdale.,https://mandymarieevents.com/,,,,,,https://rovenhr.com/employers,https://rovenhr.com/contact.html?claim=,phoenix
,,MatchBox Event Co,Phoenix,event staff,Came across MatchBox Event Co while looking at businesses in Phoenix.,http://www.matchboxeventco.com/,(480) 710-0261,,,,,https://rovenhr.com/employers,https://rovenhr.com/contact.html?claim=,phoenix
,,Heating Ventilation & Air Conditioning Phoenix,Phoenix,service techs,Came across Heating Ventilation & Air Conditioning Phoenix while looking at businesses in Phoenix.,https://www.heatingventilationairconditioningphoenix.com/,(602) 932-7280,,,,,https://rovenhr.com/employers,https://rovenhr.com/contact.html?claim=,phoenix
,,"John Houston Films, LLC",Maricopa,,"Came across John Houston Films, LLC while looking at businesses in Maricopa.",http://www.johnhoustonfilms.com/,(360) 989-4743,,,,,https://rovenhr.com/employers,https://rovenhr.com/contact.html?claim=,phoenix
,,Jaybird Media LLC,Phoenix,,Came across Jaybird Media LLC while looking at businesses in Phoenix.,https://jaybirdmediagroup.com/,(858) 829-2573,,,,,https://rovenhr.com/employers,https://rovenhr.com/contact.html?claim=,phoenix
,,Your Phoenix HVAC,Phoenix,service techs,Came across Your Phoenix HVAC while looking at businesses in Phoenix.,https://yourphoenixhvac.net/?utm_source=google&utm_medium=google-profile&utm_id=gmb,(480) 426-9664,,,,,https://rovenhr.com/employers,https://rovenhr.com/contact.html?claim=,phoenix
,,Brookklyn Photo,Phoenix,,Came across Brookklyn Photo while looking at businesses in Phoenix.,https://www.brookklyn.com/,(218) 213-3399,,,,,https://rovenhr.com/employers,https://rovenhr.com/contact.html?claim=,phoenix
,,The Good Vibe Media,Phoenix,,Came across The Good Vibe Media while looking at businesses in Phoenix.,http://thegoodvibemedia.com/,,,,,,https://rovenhr.com/employers,https://rovenhr.com/contact.html?claim=,phoenix
,,The Confetti Studio,Phoenix,,Came across The Confetti Studio while looking at businesses in Phoenix.,http://www.theconfettistudio.com/,(602) 428-7118,,,,,https://rovenhr.com/employers,https://rovenhr.com/contact.html?claim=,phoenix
,,Buchanan Photography,Phoenix,second shooters,Came across Buchanan Photography while looking at businesses in Phoenix.,https://buchanan-photography.com/,(661) 483-6469,,,,,https://rovenhr.com/employers,https://rovenhr.com/contact.html?claim=,phoenix
,,LB Dental,Phoenix,dental assistants,Came across LB Dental while looking at businesses in Phoenix.,https://www.lbdental.net/,(602) 831-2099,,,,,https://rovenhr.com/employers,https://rovenhr.com/contact.html?claim=,phoenix
,,Phoenix HVAC Air Conditioning,Phoenix,service techs,Came across Phoenix HVAC Air Conditioning while looking at businesses in Phoenix.,https://www.phoenixhvacairconditioning.com/,(928) 433-0801,,,,,https://rovenhr.com/employers,https://rovenhr.com/contact.html?claim=,phoenix
,,"Bright Now! Dental & Orthodontics - Phoenix, AZ (N Cave Creek Rd)",Phoenix,dental assistants,"Came across Bright Now! Dental & Orthodontics - Phoenix, AZ (N Cave Creek Rd) while looking at businesses in Phoenix.",https://www.brightnow.com/dental-office/phoenix-dentist/40100/?utm_source=generic&utm_medium=profiles&utm_campaign=local_profiles,(602) 971-6622,,,,,https://rovenhr.com/employers,https://rovenhr.com/contact.html?claim=,phoenix
,,Serendipity Cinema,Gilbert,,Came across Serendipity Cinema while looking at businesses in Gilbert.,http://www.serendipitycinema.com/,,,,,,https://rovenhr.com/employers,https://rovenhr.com/contact.html?claim=,phoenix
,,Photography by Leanna,Phoenix,second shooters,Came across Photography by Leanna while looking at businesses in Phoenix.,https://photographybyleanna.com/,(602) 909-9477,,,,,https://rovenhr.com/employers,https://rovenhr.com/contact.html?claim=,phoenix
,,Lee Media Weddings,Tempe,,Came across Lee Media Weddings while looking at businesses in Tempe.,https://leemediaweddings.com/,(480) 716-7156,,,,,https://rovenhr.com/employers,https://rovenhr.com/contact.html?claim=,phoenix
,,Outstanding Occasions,Phoenix,,Came across Outstanding Occasions while looking at businesses in Phoenix.,http://www.outstanding-occasions.com/,(480) 478-0079,,,,,https://rovenhr.com/employers,https://rovenhr.com/contact.html?claim=,phoenix
,,Pop the Cork Productions,Tempe,,Came across Pop the Cork Productions while looking at businesses in Tempe.,https://popthecorkproductions.com/,(480) 330-9609,,,,,https://rovenhr.com/employers,https://rovenhr.com/contact.html?claim=,phoenix
,,Full Swing Studios,Phoenix,,Came across Full Swing Studios while looking at businesses in Phoenix.,http://www.fullswingstudios.com/,(480) 305-3560,,,,,https://rovenhr.com/employers,https://rovenhr.com/contact.html?claim=,phoenix
,,Complete Weddings + Events,Scottsdale,event staff,Came across Complete Weddings + Events while looking at businesses in Scottsdale.,https://www.completewedo.com/phoenix/,(623) 303-5683,,,,,https://rovenhr.com/employers,https://rovenhr.com/contact.html?claim=,phoenix
,,Outlive Creative,Phoenix,,Came across Outlive Creative while looking at businesses in Phoenix.,http://www.outlivecreative.com/,(503) 572-1037,,,,,https://rovenhr.com/employers,https://rovenhr.com/contact.html?claim=,phoenix
,,Snappr Photography,Phoenix,second shooters,Came across Snappr Photography while looking at businesses in Phoenix.,https://www.snappr.co/best-photographers/phoenix-az?utm_source=google&utm_medium=organic_gmb&utm_campaign=gmb&utm_term=na&utm_content=na,(623) 377-7704,,,,,https://rovenhr.com/employers,https://rovenhr.com/contact.html?claim=,phoenix
,,Digital Perception Media,Phoenix,,Came across Digital Perception Media while looking at businesses in Phoenix.,https://www.digitalperceptionphotography.com/,(480) 250-2110,,,,,https://rovenhr.com/employers,https://rovenhr.com/contact.html?claim=,phoenix
,,Apropos Creations,Chandler,,Came across Apropos Creations while looking at businesses in Chandler.,https://www.aproposcreations.com/,(480) 216-4630,,,,,https://rovenhr.com/employers,https://rovenhr.com/contact.html?claim=,phoenix
,,Your Phoenix HVAC Contractor,Phoenix,service techs,Came across Your Phoenix HVAC Contractor while looking at businesses in Phoenix.,https://www.heatingcoolingphoenix.com/?utm_source=google&utm_medium=google-profile&utm_campaign=gmb,(602) 753-4851,,,,,https://rovenhr.com/employers,https://rovenhr.com/contact.html?claim=,phoenix
,,AZ Home Services Group AC Repair & Plumbing Services of Phoenix,Phoenix,plumbers,Came across AZ Home Services Group AC Repair & Plumbing Services of Phoenix while looking at businesses in Phoenix.,https://azhomeservices.group/service-areas/phoenix-arizona-air-conditioner-plumbing-services/,(602) 844-7757,,,,,https://rovenhr.com/employers,https://rovenhr.com/contact.html?claim=,phoenix
,,Dangerfield Weddings,Phoenix,,Came across Dangerfield Weddings while looking at businesses in Phoenix.,https://www.dangerfieldweddings.co/,(406) 261-9923,,,,,https://rovenhr.com/employers,https://rovenhr.com/contact.html?claim=,phoenix
,,Rachel Richards Photo + Film,Phoenix,,Came across Rachel Richards Photo + Film while looking at businesses in Phoenix.,https://rachelrichardsphotofilm.com/,(623) 210-3252,,,,,https://rovenhr.com/employers,https://rovenhr.com/contact.html?claim=,phoenix
,,Lisa Eley Photography,Phoenix,second shooters,Came across Lisa Eley Photography while looking at businesses in Phoenix.,https://www.lisaeleyphotography.com/,(480) 234-8971,,,,,https://rovenhr.com/employers,https://rovenhr.com/contact.html?claim=,phoenix
,,Arizona Studios,Phoenix,,Came across Arizona Studios while looking at businesses in Phoenix.,http://www.arizonastudios.com/,(602) 275-9100,,,,,https://rovenhr.com/employers,https://rovenhr.com/contact.html?claim=,phoenix
,,Arizona Dental,Phoenix,dental assistants,Came across Arizona Dental while looking at businesses in Phoenix.,https://arizonadental.com/,(602) 788-4040,,,,,https://rovenhr.com/employers,https://rovenhr.com/contact.html?claim=,phoenix
,,Christopher Innes Films,Glendale,front desk and housekeeping staff,Came across Christopher Innes Films while looking at businesses in Glendale.,http://www.christopherinnesfilms.com/,(818) 967-1106,,,,,https://rovenhr.com/employers,https://rovenhr.com/contact.html?claim=,phoenix
,,Robert Godridge Photography,Phoenix,second shooters,Came across Robert Godridge Photography while looking at businesses in Phoenix.,http://www.robertgodridgephotography.com/,(602) 334-5170,,,,,https://rovenhr.com/employers,https://rovenhr.com/contact.html?claim=,phoenix
,,Iconic Dental,Phoenix,dental assistants,Came across Iconic Dental while looking at businesses in Phoenix.,http://iconicdentalaz.com/,(602) 485-0505,,,,,https://rovenhr.com/employers,https://rovenhr.com/contact.html?claim=,phoenix
,,Tristan Schmoldt Media LLC,Phoenix,,Came across Tristan Schmoldt Media LLC while looking at businesses in Phoenix.,https://www.tristanschmoldtmedia.com/,(815) 790-1095,,,,,https://rovenhr.com/employers,https://rovenhr.com/contact.html?claim=,phoenix
,,BLUDREAMZ MEDIA,Phoenix,,Came across BLUDREAMZ MEDIA while looking at businesses in Phoenix.,https://bdmediaaz.com/,(602) 638-8046,,,,,https://rovenhr.com/employers,https://rovenhr.com/contact.html?claim=,phoenix
,,Stylish Events By Lisa,Phoenix,event staff,Came across Stylish Events By Lisa while looking at businesses in Phoenix.,https://stylisheventsbylisa.com/,(480) 209-2559,,,,,https://rovenhr.com/employers,https://rovenhr.com/contact.html?claim=,phoenix
,,South Mountain Films,Phoenix,,Came across South Mountain Films while looking at businesses in Phoenix.,http://www.southmountainfilms.com/,(480) 482-1945,,,,,https://rovenhr.com/employers,https://rovenhr.com/contact.html?claim=,phoenix
,,"SkyPoint Productions, LLC.",Scottsdale,,"Came across SkyPoint Productions, LLC. while looking at businesses in Scottsdale.",http://www.skypointproductions.com/,(602) 421-1381,,,,,https://rovenhr.com/employers,https://rovenhr.com/contact.html?claim=,phoenix
,,Your Jubilee Weddings and Events,Scottsdale,event staff,Came across Your Jubilee Weddings and Events while looking at businesses in Scottsdale.,https://yourjubilee.com/,(602) 885-2645,,,,,https://rovenhr.com/employers,https://rovenhr.com/contact.html?claim=,phoenix
,,Atlantic Dental,Phoenix,dental assistants,Came across Atlantic Dental while looking at businesses in Phoenix.,https://www.atlanticdentalphoenix.org/,(602) 923-0700,,,,,https://rovenhr.com/employers,https://rovenhr.com/contact.html?claim=,phoenix
,,Mina wedding photography and videography,Phoenix,second shooters,Came across Mina wedding photography and videography while looking at businesses in Phoenix.,https://www.minavideoproduction.com/,(602) 349-8944,,,,,https://rovenhr.com/employers,https://rovenhr.com/contact.html?claim=,phoenix
,,PDS Foundation Dentists for Special Needs,Phoenix,dental assistants,Came across PDS Foundation Dentists for Special Needs while looking at businesses in Phoenix.,https://www.dentistsforspecialneeds.com/?sc_cid=GBP%3AO%3AGP%3A389%3AOrganic_Search%3AGeneral%3Ana&_vsrefdom=organic_gbp&y_source=1_MTIxMDQ5ODctNzE1LWxvY2F0aW9uLndlYnNpdGU%3D,(602) 344-9530,,,,,https://rovenhr.com/employers,https://rovenhr.com/contact.html?claim=,phoenix
,,Mike Olbinski Photography,Phoenix,second shooters,Came across Mike Olbinski Photography while looking at businesses in Phoenix.,http://www.mikeolbinski.com/,(480) 220-1604,,,,,https://rovenhr.com/employers,https://rovenhr.com/contact.html?claim=,phoenix
,,Mars Media,Phoenix,,Came across Mars Media while looking at businesses in Phoenix.,https://marsmediallc.com/,(480) 685-7678,,,,,https://rovenhr.com/employers,https://rovenhr.com/contact.html?claim=,phoenix
,,Phoenix HVAC Repair Authority,Phoenix,service techs,Came across Phoenix HVAC Repair Authority while looking at businesses in Phoenix.,https://phoenixheatingcoolingauthority.com/,(480) 520-3392,,,,,https://rovenhr.com/employers,https://rovenhr.com/contact.html?claim=,phoenix
,,Horyzon Pictures – Film Production Studio,Phoenix,,Came across Horyzon Pictures – Film Production Studio while looking at businesses in Phoenix.,https://www.horyzonpictures.com/,(602) 881-3326,,,,,https://rovenhr.com/employers,https://rovenhr.com/contact.html?claim=,phoenix
,,New Plumbing Phoenix,Phoenix,plumbers,Came across New Plumbing Phoenix while looking at businesses in Phoenix.,,(480) 956-6332,,,,,https://rovenhr.com/employers,https://rovenhr.com/contact.html?claim=,phoenix
,,Josh Skehan Productions,Scottsdale,,Came across Josh Skehan Productions while looking at businesses in Scottsdale.,,(480) 703-4031,,,,,https://rovenhr.com/employers,https://rovenhr.com/contact.html?claim=,phoenix
,,Photography and Videography by Bretlee Blair,Phoenix,second shooters,Came across Photography and Videography by Bretlee Blair while looking at businesses in Phoenix.,http://bretleeblair.myportfolio.com/,(704) 500-4106,,,,,https://rovenhr.com/employers,https://rovenhr.com/contact.html?claim=,phoenix
,,Fable Photo and Video,Phoenix,,Came across Fable Photo and Video while looking at businesses in Phoenix.,https://fablephotoandvideo.com/,(480) 262-9894,,,,,https://rovenhr.com/employers,https://rovenhr.com/contact.html?claim=,phoenix
,,Elite Video of Phoenix,Phoenix,,Came across Elite Video of Phoenix while looking at businesses in Phoenix.,https://videographer-phoenix.com/,(520) 436-9293,,,,,https://rovenhr.com/employers,https://rovenhr.com/contact.html?claim=,phoenix
,,Pierpoint Studios,Scottsdale,,Came across Pierpoint Studios while looking at businesses in Scottsdale.,https://pierpointstudios.com/,(602) 884-4600,,,,,https://rovenhr.com/employers,https://rovenhr.com/contact.html?claim=,phoenix
,,"Royal Escape Productions, LLP",Phoenix,,"Came across Royal Escape Productions, LLP while looking at businesses in Phoenix.",http://repweddings.com/,(480) 442-3654,,,,,https://rovenhr.com/employers,https://rovenhr.com/contact.html?claim=,phoenix
,,The Event Concierge,Phoenix,event staff,Came across The Event Concierge while looking at businesses in Phoenix.,http://eventconcierge.com/,(602) 569-5333,,,,,https://rovenhr.com/employers,https://rovenhr.com/contact.html?claim=,phoenix
,,Perfect Party Planner,Chandler,,Came across Perfect Party Planner while looking at businesses in Chandler.,https://perfectpartyplanner.com/,(480) 673-8207,,,,,https://rovenhr.com/employers,https://rovenhr.com/contact.html?claim=,phoenix
,,Haute Media - Photography+Videography+Digital,Phoenix,second shooters,Came across Haute Media - Photography+Videography+Digital while looking at businesses in Phoenix.,https://www.hautephotovideo.com/,(602) 920-7495,,,,,https://rovenhr.com/employers,https://rovenhr.com/contact.html?claim=,phoenix
,,Big Video Production,Scottsdale,videographers,Came across Big Video Production while looking at businesses in Scottsdale.,https://bigvideoproduction.com/,(480) 252-3972,,,,,https://rovenhr.com/employers,https://rovenhr.com/contact.html?claim=,phoenix
,,Sweet Simplicity Events,Phoenix,event staff,Came across Sweet Simplicity Events while looking at businesses in Phoenix.,http://www.sweetsimplicityevents.com/,(480) 577-4718,,,,,https://rovenhr.com/employers,https://rovenhr.com/contact.html?claim=,phoenix
,,Alejandra Espinoza Productions,Phoenix,,Came across Alejandra Espinoza Productions while looking at businesses in Phoenix.,https://www.alejandraespinozaproductions.com/,(480) 529-0055,,,,,https://rovenhr.com/employers,https://rovenhr.com/contact.html?claim=,phoenix
,,AZ Party of Two - Wedding Planning and Design,Phoenix,,Came across AZ Party of Two - Wedding Planning and Design while looking at businesses in Phoenix.,,(480) 788-6331,,,,,https://rovenhr.com/employers,https://rovenhr.com/contact.html?claim=,phoenix
,,"Sip and Twirl Weddings and Events--Scottsdale, Arizona",Scottsdale,event staff,"Came across Sip and Twirl Weddings and Events--Scottsdale, Arizona while looking at businesses in Scottsdale.",,(480) 648-0663,,,,,https://rovenhr.com/employers,https://rovenhr.com/contact.html?claim=,phoenix
,,Phoenix hvac Repair,Phoenix,service techs,Came across Phoenix hvac Repair while looking at businesses in Phoenix.,https://phoenixhvacrepairpro.com/,(480) 520-0772,,,,,https://rovenhr.com/employers,https://rovenhr.com/contact.html?claim=,phoenix
,,Sweetface Photography,Scottsdale,second shooters,Came across Sweetface Photography while looking at businesses in Scottsdale.,http://www.sweetfacephoto.com/,(480) 628-7061,,,,,https://rovenhr.com/employers,https://rovenhr.com/contact.html?claim=,phoenix
,,Inloveness Photography,Phoenix,second shooters,Came across Inloveness Photography while looking at businesses in Phoenix.,https://inlovenessphotography.com/,(602) 826-1233,,,,,https://rovenhr.com/employers,https://rovenhr.com/contact.html?claim=,phoenix
,,Altar Images AZ Wedding Videography,Mesa,videographers,Came across Altar Images AZ Wedding Videography while looking at businesses in Mesa.,http://www.altarimagesaz.net/,(480) 264-8700,,,,,https://rovenhr.com/employers,https://rovenhr.com/contact.html?claim=,phoenix
,,Gentle Smile,Phoenix,,Came across Gentle Smile while looking at businesses in Phoenix.,,(602) 494-3000,,,,,https://rovenhr.com/employers,https://rovenhr.com/contact.html?claim=,phoenix
,,Valley Dental Center./,Phoenix,dental assistants,Came across Valley Dental Center./ while looking at businesses in Phoenix.,,(602) 867-8837,,,,,https://rovenhr.com/employers,https://rovenhr.com/contact.html?claim=,phoenix
,,Emergency Dental Service,Phoenix,dental assistants,Came across Emergency Dental Service while looking at businesses in Phoenix.,https://emergencydentalservicephoenixaz.net/,(602) 362-7038,,,,,https://rovenhr.com/employers,https://rovenhr.com/contact.html?claim=,phoenix
,,White Lily Films,Phoenix,,Came across White Lily Films while looking at businesses in Phoenix.,http://www.whitelilyfilms.com/,(562) 822-7127,,,,,https://rovenhr.com/employers,https://rovenhr.com/contact.html?claim=,phoenix
