email,firstName,companyName,city,roleGuess,category,website,phone
jbrookshire@airco.com,Jennifer,"AirCo Air Conditioning, Heating and Plumbing","Dallas-Fort Worth, TX",service techs,HVAC company,https://www.airco.com/?utm_source=google&utm_medium=organic&utm_campaign=GMBListing-Fort-Worth-TX,(817) 618-9916
info@matcoservices.com,,Matco Services,"Dallas-Fort Worth, TX",service techs,HVAC company,https://matcoservices.com/,(972) 292-1880
sales@hjac.com,,"Harlen Johnson HVAC, Plumbing & Electrical","Dallas-Fort Worth, TX",service techs,HVAC company,https://hjac.com/?utm_campaign=gmb,(972) 241-7771
sales@texasairzone.com,,Texas AirZone LLC,"Dallas-Fort Worth, TX",service techs,HVAC company,https://www.texasairzone.com/?utm_source=Google&utm_medium=GBP&utm_campaign=Organic_GBP_TAZ,(214) 851-3886
adam@billygo.com,Adam,billyGO Air Conditioning & Plumbing - Dallas,"Dallas-Fort Worth, TX",service techs,HVAC company,https://www.billygo.com/service-area/dallas-tx/,(214) 267-9944
jimmy.day@askmoss.com,Jimmy,"Moss Heating, Cooling & Plumbing","Dallas-Fort Worth, TX",service techs,HVAC company,https://www.askmoss.com/?utm_source=google&utm_medium=gbp-dallas&se_campaign=Ferocious-GBP,(972) 733-6802
chhitiz.basnet@airtron.com,Chhitiz,Airtron Heating & Air Conditioning,"Dallas-Fort Worth, TX",service techs,HVAC company,https://airtron.com/dallas/?utm_source=gmb&utm_medium=gmb-organic&utm_campaign=gmb-dallas,(214) 556-6792
mcuevas@varsityzone.com,Marcus,Varsity Zone HVAC of Frisco,"Dallas-Fort Worth, TX",service techs,HVAC company,https://www.varsityzone.com/frisco-tx/,(972) 914-3093
mohammad@q1es.com,Mohammad,Quality 1 Energy Systems Heating & Air Conditioning,"Dallas-Fort Worth, TX",service techs,HVAC company,https://www.q1es.com/,(214) 856-6489
alex@astardfw.com,Alex,"Astar Air Conditioning, Plumbing & Electric","Dallas-Fort Worth, TX",service techs,HVAC company,https://astardfw.com/,(972) 278-7111
neil@dfwhvac.com,Neil,DFW HVAC,"Dallas-Fort Worth, TX",service techs,HVAC company,http://www.dfwhvac.com/,(972) 777-2665
andrew@thechillbrothers.com,Andrew,The Chill Brothers,"Dallas-Fort Worth, TX",service techs,HVAC company,https://thechillbrothers.com/hvac-services-in-dallas-tx/,(844) 512-4455
brandon@webbair.com,Brandon,Webb Air Heating & Cooling,"Dallas-Fort Worth, TX",service techs,HVAC company,https://webbair.com/?utm_source=google&utm_medium=organic&utm_campaign=gbp,(817) 535-0881
pete.danielson@serviceexperts.com,Pete,Service Experts Dallas,"Dallas-Fort Worth, TX",service techs,HVAC company,https://www.serviceexperts.com/dallas-tx/?&utm_campaign=listing&utm_medium=organic_search&utm_source=gmb&utm_content=brand,(972) 619-7607
trus@servewayhvac.com,Tru,Serveway Heating and Air Conditioning,"Dallas-Fort Worth, TX",service techs,HVAC company,https://www.servewayhvac.com/?utm_source=google&utm_medium=organic&utm_campaign=gbp,(469) 231-9379
ayeung@houkac.com,Anthony,Houk Air Conditioning DFW,"Dallas-Fort Worth, TX",service techs,HVAC company,https://houkac.com/service-areas/dallas-fort-worth/?utm_source=gbp&utm_medium=organic,(817) 775-3295
aaustin@gopaschal.com,Andrew,"Paschal Air, Plumbing & Electric","Dallas-Fort Worth, TX",service techs,HVAC company,https://gopaschal.com/service-areas/arlington-tx?utm_source=gbp-arlington,(214) 765-4817
info@vitalairsystems.com,,Vital Air Systems LLC,"Dallas-Fort Worth, TX",service techs,HVAC company,http://vitalairsystems.com/,(469) 833-1338
pete.danielson@serviceexperts.com,Pete,Service Experts Fort Worth,"Dallas-Fort Worth, TX",service techs,HVAC company,https://www.serviceexperts.com/fort-worth-tx/?&utm_campaign=listing&utm_medium=organic_search&utm_source=gmb&utm_content=brand,(817) 241-5893
service@texanhvac.com,,Texan Heating & Air,"Dallas-Fort Worth, TX",service techs,HVAC company,https://www.texanhvac.com/,(817) 734-3073
daniel.barakat@acgenius.com,Daniel,AC Genius,"Dallas-Fort Worth, TX",service techs,HVAC company,http://www.acgenius.com/,(817) 341-5134
jennifer.spain@bakerbrothersplumbing.com,Jennifer,"Baker Brothers Plumbing, Air & Electric","Dallas-Fort Worth, TX",service techs,HVAC company,https://bakerbrothersplumbing.com/?utm_campaign=gmb_bk-msq_home_everyone_gmb-mesquite&utm_medium=gmb&utm_source=google,(214) 324-8811
sales@dalcoac.com,,Dalco Air Conditioning & Plumbing,"Dallas-Fort Worth, TX",service techs,HVAC company,http://www.dalcoac.com/,(214) 381-1445
charles@suburbanheatandair.com,Charles,Suburban Heating & Air Conditioning,"Dallas-Fort Worth, TX",service techs,HVAC company,https://www.suburbanheatandair.com/,(214) 381-1127
theron@legacyplumbing.net,Theron,Legacy Plumbing,"Dallas-Fort Worth, TX",plumbers,plumbing company,https://legacyplumbing.net/frisco-tx-plumber/,(972) 707-2184
service@dallasplumbing.com,,Dallas Plumbing & Air Conditioning,"Dallas-Fort Worth, TX",plumbers,plumbing company,https://www.dallasplumbing.com/dallas/?utm_source=organic&utm_medium=organic&utm_campaign=dallas&utm_id=gbp,(469) 489-1061
wm@codyandsons.com,Wm,"Cody & Sons Plumbing, Heating & Air","Dallas-Fort Worth, TX",plumbers,plumbing company,http://www.codyandsons.com/,(469) 200-3366
service@publicserviceplumbers.com,,Public Service Plumbers,"Dallas-Fort Worth, TX",plumbers,plumbing company,https://publicserviceplumbers.com/?utm_source=google-gbp&utm_medium=organic&utm_campaign=*163*public-service-plumbers-dallas,(214) 831-1959
service@callmilestone.com,,"Milestone Electric, A/C, & Plumbing","Dallas-Fort Worth, TX",plumbers,plumbing company,https://callmilestone.com/dallas/plumbing/,(214) 717-6708
theron@legacyplumbing.net,Theron,Legacy Plumbing,"Dallas-Fort Worth, TX",plumbers,plumbing company,https://legacyplumbing.net/,(972) 987-0753
service@porpoiseplumbing.com,,"Porpoise Plumbing, LLC.","Dallas-Fort Worth, TX",plumbers,plumbing company,https://www.porpoiseplumbing.com/,(972) 430-6006
swilliams@reliantplumbing.com,Shannon,Reliant Plumbing - Dallas,"Dallas-Fort Worth, TX",plumbers,plumbing company,https://reliantplumbing.com/areas-we-serve/dallas?utm_source=google&utm_medium=GBP&utm_campaign=GBPDallas,(214) 550-0028
brody@jimsplumbingnow.com,Brody,Jim's Plumbing Now,"Dallas-Fort Worth, TX",plumbers,plumbing company,https://www.jimsplumbingnow.com/service-areas/plumbing-carrollton-tx/?utm_source=google&utm_medium=organic&utm_campaign=GMBListing-Carrollton-TX,(972) 478-1082
matthew@callmother.com,Matthew,"Mother Modern Plumbing, Sewer & Drain","Dallas-Fort Worth, TX",plumbers,plumbing company,https://www.callmother.com/locations/dallas,(469) 206-9515
info@berkeys.com,,"Berkeys Plumbing, A/C & Electrical","Dallas-Fort Worth, TX",plumbers,plumbing company,https://www.berkeys.com/?utm_campaign=gmb_be_home_everyone_gmb-dallas&utm_medium=gmb&utm_source=google,(214) 612-0133
service@crownplumbingservice.com,,Crown Plumbing Service,"Dallas-Fort Worth, TX",plumbers,plumbing company,https://www.crownplumbingservice.com/?utm_source=gmb_Listing&utm_medium=organic,(972) 346-2332
info@callearls.com,,Earl's Plumbing,"Dallas-Fort Worth, TX",plumbers,plumbing company,https://callearls.com/north-dallas/?utm_source=gbp,(469) 517-1532
tori@trident-plumbing.com,Tori,Trident Plumbing,"Dallas-Fort Worth, TX",plumbers,plumbing company,https://trident-plumbing.com/,(972) 900-6660
info@berkeys.com,,"Berkeys Plumbing, A/C & Electrical","Dallas-Fort Worth, TX",plumbers,plumbing company,https://www.berkeys.com/frisco-tx/?utm_campaign=gmb_be_home_everyone_gmb-frisco&utm_medium=gmb&utm_source=google,(214) 216-1727
matthew@callmother.com,Matthew,Mother Modern Plumbing,"Dallas-Fort Worth, TX",plumbers,plumbing company,https://www.callmother.com/locations/plano,(972) 662-8725
matthew@callmother.com,Matthew,"Mother Modern Plumbing, Sewer & Drain","Dallas-Fort Worth, TX",plumbers,plumbing company,https://www.callmother.com/locations/fort-worth,(817) 380-9662
info@dial1plumbing.com,,"Dial One Johnson Plumbing, Cooling & Heating","Dallas-Fort Worth, TX",plumbers,plumbing company,https://dial1plumbing.com/dallas/,(469) 723-6067
deanna@precision-plumbing.com,Deanna,Precision Plumbing NTX,"Dallas-Fort Worth, TX",plumbers,plumbing company,http://precision-plumbing.com/,(469) 248-2136
office@abcplumbingtx.com,,ABC Plumbing,"Dallas-Fort Worth, TX",plumbers,plumbing company,https://www.abcplumbingtx.com/,(817) 427-3222
info@callearls.com,,Earl’s Plumbing - West Frisco,"Dallas-Fort Worth, TX",plumbers,plumbing company,https://callearls.com/north-dallas/?utm_source=gbp,(469) 960-4849
thomas@garrisonplumbingservices.com,Thomas,Garrison Plumbing Services,"Dallas-Fort Worth, TX",plumbers,plumbing company,http://www.garrisonplumbingservices.com/,(972) 987-4255
kris@theprosperplumber.com,Kris,The Prosper Plumber,"Dallas-Fort Worth, TX",plumbers,plumbing company,http://www.theprosperplumber.com/,(469) 408-0308
kwahl@aaa-auger.com,Kent,AAA AUGER Plumbing Services,"Dallas-Fort Worth, TX",plumbers,plumbing company,https://www.aaa-auger.com/,(972) 222-2843
clayton@crplumbingdfw.com,Clayton,Smith and Son Plumbing,"Dallas-Fort Worth, TX",plumbers,plumbing company,https://www.crplumbingdfw.com/service-areas/mckinney/,(940) 360-5826
cbarnes@apexsupplyco.com,Cynthia,Apex Supply Company,"Dallas-Fort Worth, TX",plumbers,plumbing company,https://apexsupplyco.com/pages/location/dallas-design-district,(214) 741-5463
office@woodiewoods.com,,Woodie Woods Plumbing Heating and Air,"Dallas-Fort Worth, TX",plumbers,plumbing company,http://www.woodiewoods.com/,(817) 923-5248
service@erniesplumbing.com,,"Ernie's Plumbing Service, Inc.","Dallas-Fort Worth, TX",plumbers,plumbing company,https://www.erniesplumbing.com/,(888) 802-0005
brendon.kerr@reece.com,Brendon,Reece Plumbing,"Dallas-Fort Worth, TX",plumbers,plumbing company,https://www.reece.com/plumbing,(469) 680-3291
cbarnes@apexsupplyco.com,Cynthia,Apex Supply Company,"Dallas-Fort Worth, TX",plumbers,plumbing company,https://apexsupplyco.com/pages/location/oak-cliff,(214) 948-7547
olga@agaveplumbing.com,Olga,Agave Plumbing Inc.,"Dallas-Fort Worth, TX",plumbers,plumbing company,https://agaveplumbing.com/,(214) 689-0496
info@callearls.com,,Earl's Plumbing,"Dallas-Fort Worth, TX",plumbers,plumbing company,https://callearls.com/north-dallas/?utm_source=gbp,(469) 772-6218
brendon.kerr@reece.com,Brendon,Reece Plumbing,"Dallas-Fort Worth, TX",plumbers,plumbing company,https://www.reece.com/plumbing,(469) 804-0643
info@callrpp.com,,Resilient Power & Plumbing,"Dallas-Fort Worth, TX",electricians,electrical contractor,https://callrpp.com/?utm_source=google&utm_medium=organic&utm_campaign=gmb&utm_id=GBP,(214) 778-3899
sean@teslaelectricdfw.com,Sean,Tesla Electric DFW,"Dallas-Fort Worth, TX",electricians,electrical contractor,https://www.teslaelectricdfw.com/,(202) 400-9299
info@emsr-ec.com,,EMSR Electrical Contractors,"Dallas-Fort Worth, TX",electricians,electrical contractor,https://emsr-ec.com/dallas-texas-electrical-contractor/,(817) 401-7841
justin@4gelectrician.com,Justin,"4G Electrician, LLC - Lake Dallas","Dallas-Fort Worth, TX",electricians,electrical contractor,https://www.4gelectrician.com/,(972) 440-9952
jessica@callw3.com,Jessica,W3 Electric Heating & AC,"Dallas-Fort Worth, TX",electricians,electrical contractor,https://www.callw3.com/,(214) 432-1383
info@excellelectric.com,,Excell Electric,"Dallas-Fort Worth, TX",electricians,electrical contractor,http://www.excellelectric.com/,(214) 391-0040
service@tlcelectrical.com,,TLC Electrical Services,"Dallas-Fort Worth, TX",electricians,electrical contractor,https://www.tlcelectrical.com/?utm_source=google&utm_medium=gbp,(214) 519-8895
rick.janitscheck@mrelectric.com,Rick,Mr. Electric of Frisco,"Dallas-Fort Worth, TX",electricians,electrical contractor,https://mrelectric.com/frisco?cid=LSTL_MRE000196&utm_source=gmb&utm_campaign=local&utm_medium=organic,(214) 872-6210
carlos@brightlightec.com,Carlos,Bright Light Electric,"Dallas-Fort Worth, TX",electricians,electrical contractor,https://www.brightlightec.com/,(214) 553-5333
info@emsr-ec.com,,EMSR - Electrical Contractors - Fort Worth,"Dallas-Fort Worth, TX",electricians,electrical contractor,https://emsr-ec.com/,(817) 401-7841
info@benchmarkelectricaldfw.com,,Benchmark Electrical Services,"Dallas-Fort Worth, TX",electricians,electrical contractor,https://www.benchmarkelectricaldfw.com/,(469) 214-5601
aaron@bluelineelectrictx.com,Aaron,Blue Line Electric,"Dallas-Fort Worth, TX",electricians,electrical contractor,http://bluelineelectrictx.com/?utm_source=google&utm_medium=organic&utm_campaign=gbp_mckinney,(469) 871-8114
james@scott-del.com,James,Scott-Del Electric Inc.,"Dallas-Fort Worth, TX",electricians,electrical contractor,http://www.scott-del.com/,(972) 484-0522
asalas@eleseco.com,Andres,S&R Electrical Contractor LLC,"Dallas-Fort Worth, TX",electricians,electrical contractor,http://www.eleseco.com/,(214) 907-6761
debbie@arrowelectric.net,Debbie,Arrow Electric,"Dallas-Fort Worth, TX",electricians,electrical contractor,https://arrowelectric.net/,(972) 926-7007
office@myhomeelectrician.com,,"My Home Electrician, LLC","Dallas-Fort Worth, TX",electricians,electrical contractor,https://myhomeelectrician.com/,(469) 901-4868
scottm@amberelectrical.com,Scott,"Amber Electrical Contractors, Inc","Dallas-Fort Worth, TX",electricians,electrical contractor,https://amberelectrical.com/,(972) 579-9333
bsummers@newviewroofing.com,Brian,New View Roofing,"Dallas-Fort Worth, TX",roofers,roofing company,https://newviewroofing.com/?utm_source=google&utm_medium=organic&utm_campaign=gmb,(469) 966-1196
jeff@peakroofingconstruction.com,Jeff,Peak Roofing and Construction,"Dallas-Fort Worth, TX",roofers,roofing company,https://www.peakroofingconstruction.com/,(972) 335-7325
service@refinedroofingtx.com,,Refined Roofing TX,"Dallas-Fort Worth, TX",roofers,roofing company,https://www.refinedroofingtx.com/,(469) 919-6925
contact@elevatedroofing.com,,Elevated Roofing,"Dallas-Fort Worth, TX",roofers,roofing company,https://elevatedroofing.com/?utm_source=google&utm_medium=organic&utm_campaign=gmb-roof,(469) 305-0010
info@dallasroofer.com,,T Rock Roofing & Contracting,"Dallas-Fort Worth, TX",roofers,roofing company,https://www.dallasroofer.com/,(469) 931-9867
val@btolroofing.com,Val,Built To Last Roofing,"Dallas-Fort Worth, TX",roofers,roofing company,https://btolroofing.com/?utm_source=google&utm_medium=organic&utm_campaign=gmb-primary-link-dallas,(469) 364-8198
brent@boldroofing.com,Brent,Bold Roofing - DFW's Best Roofing Contractor,"Dallas-Fort Worth, TX",roofers,roofing company,https://boldroofing.com/,(972) 380-9300
katelyn@priorityroofs.com,Katelyn,Priority Roofing,"Dallas-Fort Worth, TX",roofers,roofing company,https://priorityroofs.com/location/dallas/,(469) 615-8193
heidi@hprtexas.com,Heidi,High Performance Roofing,"Dallas-Fort Worth, TX",roofers,roofing company,https://hprtexas.com/,(469) 225-2559
michelle@mdroofingpros.com,Michelle,MD Roofing & Construction,"Dallas-Fort Worth, TX",roofers,roofing company,http://mdroofingpros.com/?utm_source=google-gmb-maps&utm_medium=gmb-website-button&utm_campaign=locl.io&utm_content=17967448-f406-4205-9d94-f685d229b7b1,(972) 834-3009
maria@bluehammerroofing.com,Maria,Blue Hammer Roofing,"Dallas-Fort Worth, TX",roofers,roofing company,https://bluehammerroofing.com/areas-served/dallas/?utm_campaign=gmb&utm_medium=organic&utm_source=google,(469) 564-8357
mark@firehouseroofing.com,Mark,Firehouse Roofing,"Dallas-Fort Worth, TX",roofers,roofing company,https://firehouseroofing.com/dallas/,(214) 310-0958
info@txpremierroofing.com,,Texas Premier Roofing,"Dallas-Fort Worth, TX",roofers,roofing company,https://www.txpremierroofing.com/,(888) 858-9010
mike@viva-roofing.com,Mike,Viva Roofing Inc.,"Dallas-Fort Worth, TX",roofers,roofing company,https://viva-roofing.com/,(972) 402-5427
office@texasstarroofing.com,,Texas Star Roofing Inc,"Dallas-Fort Worth, TX",roofers,roofing company,https://www.texasstarroofing.com/,(972) 509-7570
info@trinityroofingconstruction.com,,Trinity Roofing and Construction,"Dallas-Fort Worth, TX",roofers,roofing company,https://www.trinityroofingconstruction.com/frisco-roofing-company/,(945) 307-4948
jason@resultsroofing.com,Jason,Results Roofing,"Dallas-Fort Worth, TX",roofers,roofing company,https://resultsroofing.com/?utm_source=google&utm_medium=organic&utm_campaign=gmb&utm_content=carrollton,(469) 270-8037
chris@impressionroofing.com,Chris,Impression Roofing,"Dallas-Fort Worth, TX",roofers,roofing company,http://impressionroofing.com/?utm_source=google&utm_medium=organic&utm_campaign=gbp,(469) 905-5050
info@arringtonroofing.com,,Arrington Roofing,"Dallas-Fort Worth, TX",roofers,roofing company,https://arringtonroofing.com/?utm_campaign=gmb&utm_medium=organic&utm_source=gbp,(214) 774-1972
jason@mlroof.com,Jason,Major League Roofing,"Dallas-Fort Worth, TX",roofers,roofing company,https://mlroof.com/,(469) 708-7663
nicole@bertroofing.com,Nicole,Bert Roofing Inc.,"Dallas-Fort Worth, TX",roofers,roofing company,https://bertroofing.com/?utm_campaign=gmb,(214) 239-2699
info@amroofingcompany.com,,AM Roofing Company,"Dallas-Fort Worth, TX",roofers,roofing company,https://amroofingcompany.com/?utm_source=Google_Maps&utm_medium=Website_Link-Click&utm_campaign=Google_Maps_Visits,(214) 980-4366
info@baker-roofing.com,,"Baker Roofing & Construction, Inc","Dallas-Fort Worth, TX",roofers,roofing company,https://baker-roofing.com/,(855) 766-3777
info@homequalitysolutions.com,,Home Quality Solutions Roofing,"Dallas-Fort Worth, TX",roofers,roofing company,https://homequalitysolutions.com/,(972) 743-0331
chris.cox@touchstoneroofing.com,Chris,"Touchstone Roofing, LLC","Dallas-Fort Worth, TX",roofers,roofing company,https://touchstoneroofing.com/,
tfrazier@supremeroofing.com,Tom,Supreme Roofing,"Dallas-Fort Worth, TX",roofers,roofing company,http://www.supremeroofing.com/?utm_campaign=gmb,(214) 330-8913
jane.doe@alpineroofingconstruction.com,Jane,Alpine Roofing Construction,"Dallas-Fort Worth, TX",roofers,roofing company,https://alpineroofingconstruction.com/?utm_source=google-business&utm_medium=organic,(214) 528-9897
petty@townandcountryroofingdfw.com,Jeff,"Town and Country Roofing, Inc.","Dallas-Fort Worth, TX",roofers,roofing company,http://www.townandcountryroofingdfw.com/,(972) 377-8188
joseph.angus@bumbleroofing.com,Joseph,Bumble Roofing of Greater Dallas,"Dallas-Fort Worth, TX",roofers,roofing company,https://bumbleroofing.com/greater-dallas/?utm_source=google&utm_medium=organic&utm_campaign=gbp,(469) 361-0900
dakota@knoxroofingpros.com,Dakota,Knox Roofing,"Dallas-Fort Worth, TX",roofers,roofing company,https://www.knoxroofingpros.com/,(214) 646-6625
info@acornroof.com,,Acorn Roofing & Construction,"Dallas-Fort Worth, TX",roofers,roofing company,https://acornroof.com/service-areas/dallas-roofing-company/,(214) 393-7066
anthony@networkroofingconstruction.com,Anthony,Network Roofing & Construction,"Dallas-Fort Worth, TX",roofers,roofing company,https://networkroofingconstruction.com/,(972) 299-3070
cbrenneman@authorityroofing.com,Catherine,"Authority Roofing, LLC.","Dallas-Fort Worth, TX",roofers,roofing company,http://www.authorityroofing.com/,(972) 317-7663
mark@firehouseroofing.com,Mark,Firehouse Roofing,"Dallas-Fort Worth, TX",roofers,roofing company,https://firehouseroofing.com/roof-repair-plano/,(972) 737-1451
aaron@designerroofing.com,Aaron,Designer Roofing,"Dallas-Fort Worth, TX",roofers,roofing company,https://designerroofing.com/?utm_source=GMBlisting&utm_medium=organic,(972) 644-6556
info@weroofdallas.com,,"We Roof Dallas, Inc","Dallas-Fort Worth, TX",roofers,roofing company,https://weroofdallas.com/,(972) 600-8259
admin@imperialroofing.net,,Imperial Roofing and Construction,"Dallas-Fort Worth, TX",roofers,roofing company,https://imperialroofing.net/?utm_source=google&utm_medium=organic&utm_campaign=gmb-primary-link,(888) 215-4224
jbrassfield@lonsmith.com,Josh,Lon Smith Roofing & Construction,"Dallas-Fort Worth, TX",roofers,roofing company,https://www.lonsmith.com/,(817) 926-8400
info@blueribbondfw.com,,Blue Ribbon Roofing & Remodel,"Dallas-Fort Worth, TX",roofers,roofing company,https://blueribbondfw.com/?utm_source=google&utm_medium=organic&utm_campaign=gbp,(972) 464-1858
admin@apogeeroofingdfw.com,,Apogee Roofing Services DFW,"Dallas-Fort Worth, TX",roofers,roofing company,https://www.apogeeroofingdfw.com/,(214) 233-6330
office@foundersroofing.com,,Founders Roofing & Construction,"Dallas-Fort Worth, TX",roofers,roofing company,https://www.foundersroofing.com/,(469) 799-0969
chris@outbackroofing.com,Chris,Outback Roofing LLC,"Dallas-Fort Worth, TX",roofers,roofing company,http://www.outbackroofing.com/,(972) 930-9990
info@southwestauto.com,,Southwest Auto,"Dallas-Fort Worth, TX",mechanics,auto repair shop,https://www.southwestauto.com/?utm_campaign=gmb,(972) 829-2572
info@eliteautosolution.com,,Elite Auto Solution,"Dallas-Fort Worth, TX",mechanics,auto repair shop,https://eliteautosolution.com/,(214) 774-9407
rbennett@friscoauto.com,Richard,Frisco Automotive & Transmission,"Dallas-Fort Worth, TX",mechanics,auto repair shop,https://friscoauto.com/,(972) 779-9280
aaron@ldautorepair.com,Aaron,L.D. Automotive,"Dallas-Fort Worth, TX",mechanics,auto repair shop,https://ldautorepair.com/locations/lakewood-village/,(469) 935-4968
aaron@ldautorepair.com,Aaron,L.D. Automotive,"Dallas-Fort Worth, TX",mechanics,auto repair shop,https://ldautorepair.com/,(469) 579-5903
derek.betzer@cbac.com,Derek,Christian Brothers Automotive North Dallas,"Dallas-Fort Worth, TX",mechanics,auto repair shop,https://www.cbac.com/north-dallas/?utm_source=GMB&utm_medium=organic&utm_campaign=north-dallas&utm_content=website-cta,(469) 267-6149
aaron@rexroadauto.com,Aaron,Rexroad Mobile Auto Repair,"Dallas-Fort Worth, TX",mechanics,auto repair shop,https://www.rexroadauto.com/,(469) 469-4521
info@kesslerparkdental.com,,Kessler Park Dental,"Dallas-Fort Worth, TX",front-office and hygienists,dental office,https://www.kesslerparkdental.com/,(214) 303-9969
info@trinitydentalloft.com,,Trinity Dental Loft - Dentist Dallas,"Dallas-Fort Worth, TX",front-office and hygienists,dental office,https://trinitydentalloft.com/?utm_source=GmbListing&utm_medium=Organic,(214) 666-4616
contact@clinicadentaltx.com,,Clinica Dental of Texas,"Dallas-Fort Worth, TX",front-office and hygienists,dental office,https://clinicadentaltx.com/,(214) 997-6831
lisa@fortworthdental.com,Lisa,Fort Worth Dental,"Dallas-Fort Worth, TX",front-office and hygienists,dental office,https://fortworthdental.com/,(817) 592-8763
jeremydonovan@mintdentistry.com,Jeremy,MINT dentistry | Fort Worth Horne,"Dallas-Fort Worth, TX",front-office and hygienists,dental office,https://mintdentistry.com/dentist/dfw/ft-worth,(817) 310-2024
pham@affordabledentistnearme.com,Mike,Affordable Dentist Near Me of Dallas,"Dallas-Fort Worth, TX",front-office and hygienists,dental office,https://affordabledentistnearme.com/locations/dallas/,(817) 727-8039
info@fortdentaltx.com,,Fort Dental,"Dallas-Fort Worth, TX",front-office and hygienists,dental office,https://www.fortdentaltx.com/,(817) 292-5957
info@1dentalgrouptx.com,,Knox Village Dentistry,"Dallas-Fort Worth, TX",front-office and hygienists,dental office,https://1dentalgrouptx.com/locations/knox-village-dentists-in-dallas/,(214) 265-7771
pham@affordabledentistnearme.com,Mike,Affordable Dentist Near Me of Fort Worth,"Dallas-Fort Worth, TX",front-office and hygienists,dental office,https://affordabledentistnearme.com/locations/fort-worth/?utm_source=yext&utm_medium=listings,(817) 496-2343
lindsay@yourheritagefamilydentistry.com,Lindsay,Heritage Family Dentistry - North Dallas,"Dallas-Fort Worth, TX",front-office and hygienists,dental office,https://yourheritagefamilydentistry.com/locations/north-dallas-dentist/,(214) 894-9247
info@1dentalgrouptx.com,,Westmoreland Heights Dental,"Dallas-Fort Worth, TX",front-office and hygienists,dental office,https://1dentalgrouptx.com/locations/top-dentist-in-oak-cliff/,(214) 333-3335
office@ngreendental.com,,Fort Worth Cosmetic & Family Dentistry,"Dallas-Fort Worth, TX",front-office and hygienists,dental office,https://www.ngreendental.com/,(817) 737-6601
info@myidealdental.com,,Ideal Dental Uptown,"Dallas-Fort Worth, TX",front-office and hygienists,dental office,https://www.myidealdental.com/uptown?utm_source=gbp&utm_medium=organic&utm_campaign=website,(214) 522-4444
office@dentistryfw.com,,Dentistry of Fort Worth,"Dallas-Fort Worth, TX",front-office and hygienists,dental office,https://dentistryfw.com/,(817) 765-1600
logan.lopez@rodeodental.com,Logan,Rodeo Dental & Orthodontics of Fort Worth,"Dallas-Fort Worth, TX",front-office and hygienists,dental office,https://www.rodeodental.com/locations/fortworth-tx?utm_source=gmb&utm_medium=organic&utm_campaign=fortworth-tx&y_source=1_MTA5NzI5MDA1Ni03MTUtbG9jYXRpb24ud2Vic2l0ZQ%3D%3D,(817) 380-5574
info@myidealdental.com,,Ideal Dental West 7th,"Dallas-Fort Worth, TX",front-office and hygienists,dental office,https://www.myidealdental.com/west-7th?utm_source=gbp&utm_medium=organic&utm_campaign=website,(817) 741-6390
info@smilemusespa.com,,Smile Muse Spa,"Dallas-Fort Worth, TX",front-office and hygienists,dental office,https://smilemusespa.com/,(214) 699-7451
info@drlaska.com,,Justyna S Laska DDS,"Dallas-Fort Worth, TX",front-office and hygienists,dental office,https://www.drlaska.com/,(817) 737-9555
info@friscodentalhub.com,,Frisco Dental Hub,"Dallas-Fort Worth, TX",front-office and hygienists,dental office,https://www.friscodentalhub.com/,(972) 276-4888
saloma@brident.com,Stephene,Brident Dental & Orthodontics,"Dallas-Fort Worth, TX",front-office and hygienists,dental office,https://www.brident.com/en-us/find-a-location/texas/fort-worth/225-northeast-28th-street-225/?utm_source=GMB&utm_medium=organic,(817) 799-5069
info@myidealdental.com,,Ideal Dental Waterside,"Dallas-Fort Worth, TX",front-office and hygienists,dental office,https://www.myidealdental.com/waterside?utm_source=gbp&utm_medium=organic&utm_campaign=website,(817) 778-0418
odis@thrivepetcare.com,Odis,Hillside Veterinary Clinic,"Dallas-Fort Worth, TX",vet techs,veterinary clinic,https://www.thrivepetcare.com/locations/texas/dallas/hillside-veterinary-clinic/?utm_source=gmb&utm_medium=web,(214) 824-0397
lura@casalindavets.com,Lura,Casa Linda Animal Clinic,"Dallas-Fort Worth, TX",vet techs,veterinary clinic,https://casalindavets.com/?utm_source=gmb&utm_medium=organic,(214) 328-5445
teresa.kaiser@medvet.com,Teresa,MedVet Dallas,"Dallas-Fort Worth, TX",vet techs,veterinary clinic,https://www.medvet.com/location/dallas/,(972) 994-9110
info@dallasvet.net,,Dallas Veterinary Clinic,"Dallas-Fort Worth, TX",vet techs,veterinary clinic,https://www.dallasvet.net/,(214) 363-4561
gbratton@holtvet.com,Geoff,Holt Veterinary Clinic,"Dallas-Fort Worth, TX",vet techs,veterinary clinic,https://holtvet.com/?utm_source=gmb&utm_medium=organic,(214) 361-2834
odis@thrivepetcare.com,Odis,Abrams Forest Veterinary Clinic,"Dallas-Fort Worth, TX",vet techs,veterinary clinic,https://www.thrivepetcare.com/locations/texas/dallas/abrams-forest-veterinary-clinic?utm_source=google&utm_medium=gmb,(214) 553-8033
rhonda@mpahvets.com,Rhonda,Metro Paws Animal Hospital - Oak Cliff,"Dallas-Fort Worth, TX",vet techs,veterinary clinic,https://mpahvets.com/oak-cliff/?utm_source=google&utm_medium=organic&utm_campaign=google_business_profile,(214) 939-1600
jay.phillips@petfolk.com,Jay,Petfolk Veterinary & Urgent Care - North Dallas,"Dallas-Fort Worth, TX",vet techs,veterinary clinic,https://petfolk.com/locations/dallas-tx/vet-clinics/north-dallas?utm_source=gbp&utm_medium=referral&utm_campaign=gbp_north-dallas&utm_content=website_link,(469) 205-3500
sophia.varela@animalclinicoffarmersbranch.com,Sophia,Animal Clinic of Farmers Branch,"Dallas-Fort Worth, TX",vet techs,veterinary clinic,https://www.animalclinicoffarmersbranch.com/?utm_source=gmb&utm_medium=organic&y_source=1_MTE2Njg5NDMtNzE1LWxvY2F0aW9uLndlYnNpdGU%3D,(972) 247-2221
adam.kupka@vcahospitals.com,Adam,VCA Dallas Animal Specialty Hospital,"Dallas-Fort Worth, TX",vet techs,veterinary clinic,https://vcahospitals.com/dallas-animal-specialty?utm_source=maps&utm_medium=organic&utm_campaign=AU_759,(972) 267-8300
dylanswaim@veg.com,Dylan,VEG ER for Pets,"Dallas-Fort Worth, TX",vet techs,veterinary clinic,https://www.veg.com/locations/texas/dallas?utm_source=organic_google&utm_medium=gbp_link&utm_campaign=locations_page&utm_content=dallas,(972) 544-7311
clarissa.gaines@dvsc.com,Clarissa,Dallas Veterinary Surgical Center (DVSC) - North Dallas,"Dallas-Fort Worth, TX",vet techs,veterinary clinic,https://www.dvsc.com/locations/north-dallas?y_source=1_MjkzNDQzMDctNzE1LWxvY2F0aW9uLndlYnNpdGU%3D,(972) 267-8100
info@rutherfordvet.com,,Rutherford Veterinary Hospital,"Dallas-Fort Worth, TX",vet techs,veterinary clinic,https://rutherfordvet.com/?utm_source=google&utm_medium=organic&utm_campaign=gmb&utm_term=website,(214) 826-4166
arizvi@readivet.com,Ali,"ReadiVet Dallas, Mobile Vet Services","Dallas-Fort Worth, TX",vet techs,veterinary clinic,https://www.readivet.com/locations/dallas/,(469) 369-2456
derek.johnson@cityvet.com,Derek,CityVet | Old East Dallas,"Dallas-Fort Worth, TX",vet techs,veterinary clinic,https://www.cityvet.com/old-east-dallas/?utm_source=yext&utm_medium=organic&utm_campaign=old-east-dallas,(469) 676-0090
rhonda@mpahvets.com,Rhonda,Metro Paws Animal Hospital - Skillman,"Dallas-Fort Worth, TX",vet techs,veterinary clinic,https://mpahvets.com/skillman/?utm_source=google&utm_medium=organic&utm_campaign=google_business_profile,(214) 887-1400
derek.johnson@cityvet.com,Derek,CityVet | White Rock Veterinary Clinic & Urgent Care,"Dallas-Fort Worth, TX",vet techs,veterinary clinic,https://www.cityvet.com/white-rock/?utm_source=yext&utm_medium=organic&utm_campaign=white-rock,(214) 239-2348
stevenmoore@friscopethospital.net,Steven,Frisco Pet Hospital,"Dallas-Fort Worth, TX",vet techs,veterinary clinic,https://friscopethospital.net/,(972) 433-6544
info@dallasveterinaryhospice.com,,Dallas Veterinary Hospice,"Dallas-Fort Worth, TX",vet techs,veterinary clinic,https://www.dallasveterinaryhospice.com/,(972) 364-7282
info@bucknerterraceanimal.com,,Buckner Terrace Animal Clinic,"Dallas-Fort Worth, TX",vet techs,veterinary clinic,http://www.bucknerterraceanimal.com/,(214) 324-5579
laura@modernanimal.com,Laura,Modern Animal Park Cities,"Dallas-Fort Worth, TX",vet techs,veterinary clinic,https://www.modernanimal.com/clinics/park-cities/,(469) 224-9839
ghudson@hpanimalhospital.com,Glen,Highland Park Animal Hospital,"Dallas-Fort Worth, TX",vet techs,veterinary clinic,https://www.hpanimalhospital.com/,(214) 528-3360
hello@lakewoodvetcenter.com,,Lakewood Veterinary Center,"Dallas-Fort Worth, TX",vet techs,veterinary clinic,https://lakewoodvetcenter.com/?utm_source=GMB&utm_medium=GMB%20Website&utm_campaign=GMB%20Website,(214) 826-4800
clarissa.gaines@dvsc.com,Clarissa,Dallas Veterinary Surgical Center (DVSC) - Fort Worth,"Dallas-Fort Worth, TX",vet techs,veterinary clinic,https://www.dvsc.com/locations/fort-worth?y_source=1_MjkzNDQzMTEtNzE1LWxvY2F0aW9uLndlYnNpdGU%3D,(817) 370-8000
rhonda@mpahvets.com,Rhonda,Metro Paws Animal Hospital - White Rock,"Dallas-Fort Worth, TX",vet techs,veterinary clinic,https://mpahvets.com/white-rock/?utm_source=google&utm_medium=organic&utm_campaign=google_business_profile,(214) 324-1500
derek.johnson@cityvet.com,Derek,CityVet | Oak Lawn Veterinary Clinic & Urgent Care,"Dallas-Fort Worth, TX",vet techs,veterinary clinic,https://www.cityvet.com/oak-lawn/?utm_source=yext&utm_medium=organic&utm_campaign=oak-lawn,(214) 219-2838
info@petnestanimalhospital.com,,PetNest Animal Hospital,"Dallas-Fort Worth, TX",vet techs,veterinary clinic,https://petnestanimalhospital.com/,(469) 956-6100
info@healvet.com,,HEAL Vet,"Dallas-Fort Worth, TX",vet techs,veterinary clinic,http://www.healvet.com/,(214) 329-9454
bfunkhouser@chastainvets.info,Brandy,Preston Road Animal Hospital,"Dallas-Fort Worth, TX",vet techs,veterinary clinic,https://www.chastainvets.info/locations/preston-road-animal-hospital-dallas-tx,(972) 239-1309
laura@modernanimal.com,Laura,Modern Animal Addison,"Dallas-Fort Worth, TX",vet techs,veterinary clinic,https://www.modernanimal.com/clinics/addison,(469) 373-9338
adam.kupka@vcahospitals.com,Adam,VCA Katy Trail Animal Hospital,"Dallas-Fort Worth, TX",vet techs,veterinary clinic,https://vcahospitals.com/katy-trail?utm_source=maps&utm_medium=organic&utm_campaign=AU_1160,(214) 363-4463
lsendra@chewac.org,Leigh,CHEW Animal Clinic,"Dallas-Fort Worth, TX",vet techs,veterinary clinic,http://www.chewac.org/,(469) 620-2828
david.saginur@goodvets.com,David,GoodVets Uptown (Dallas),"Dallas-Fort Worth, TX",vet techs,veterinary clinic,https://goodvets.com/dallasuptown,(214) 783-0090
adam.kupka@vcahospitals.com,Adam,VCA Lovers Lane Animal Hospital,"Dallas-Fort Worth, TX",vet techs,veterinary clinic,https://vcahospitals.com/lovers-lane?utm_source=maps&utm_medium=organic&utm_campaign=AU_1319,(214) 350-5696
frank.bettencourt@creeksidepetcare.com,Frank,Creekside Pet Care Center,"Dallas-Fort Worth, TX",vet techs,veterinary clinic,http://creeksidepetcare.com/,(817) 421-5850
blake.griffiths@oneyoulovehomecare.com,Blake,One You Love Homecare Dallas - Fort Worth Metroplex,"Dallas-Fort Worth, TX",caregivers,home health agency,https://oneyoulovehomecare.com/locations/allen-tx/,(972) 327-3734
kateryna@aurorahh.com,Kateryna,"Aurora Home Health - Nursing & Elderly Care Services in Dallas, TX","Dallas-Fort Worth, TX",caregivers,home health agency,http://aurorahh.com/,(866) 934-7060
angela@hhpros.com,Angela,Home Health Professionals - Dallas/Fort Worth,"Dallas-Fort Worth, TX",caregivers,home health agency,http://www.hhpros.com/,(214) 368-1100
alicia.coterillo-ferguson@lhcgroup.com,Alicia,DFW Home Health,"Dallas-Fort Worth, TX",caregivers,home health agency,https://lhcgroup.com/locations/dfw-home-health-of-dallas/?utm_source=GMB&utm_campaign=Google_Local_Listing&utm_medium=referral&utm_content=DFW_Home_Health_Fort_Worth_TX_76104-4137,(214) 891-8700
lori@thehhteam.com,Lori,The Home Health Team,"Dallas-Fort Worth, TX",caregivers,home health agency,https://www.thehhteam.com/,(214) 937-5000
valerie@nexushomehealthcare.com,Valerie,Nexus Home Healthcare,"Dallas-Fort Worth, TX",caregivers,home health agency,http://nexushomehealthcare.com/,(469) 317-3017
contact@acceptancehh.com,,Acceptance Home Health,"Dallas-Fort Worth, TX",caregivers,home health agency,http://www.acceptancehh.com/,(214) 257-8585
support@newporthomehealth.com,,Newport Home Health Agency,"Dallas-Fort Worth, TX",caregivers,home health agency,https://www.newporthomehealth.com/,(972) 602-3500
britt.jung@cantexcc.com,Britt,TheraCare Home Health-Dallas,"Dallas-Fort Worth, TX",caregivers,home health agency,https://cantexcc.com/all-locations-and-service-areas/?tab=nav-home_health,(972) 434-9400
kpladsen@hcpoftexas.com,Kimberly,Home Care Providers of Texas,"Dallas-Fort Worth, TX",caregivers,home health agency,https://www.hcpoftexas.com/,(972) 735-0801
alicia.coterillo-ferguson@lhcgroup.com,Alicia,DFW Home Health McKinney,"Dallas-Fort Worth, TX",caregivers,home health agency,https://lhcgroup.com/locations/dfw-home-health-mckinney/,(817) 417-5344
gagan@caremountain.com,Gagan,Care Mountain Dallas,"Dallas-Fort Worth, TX",caregivers,home health agency,https://www.caremountain.com/dallas/?utm_campaign=gmb&utm_medium=gmb&utm_source=gmb,(972) 573-5310
bbull@homehelpershomecare.com,Brian,"Home Helpers Home Care of Dallas, TX","Dallas-Fort Worth, TX",caregivers,home health agency,https://www.homehelpershomecare.com/dallas/?utm_source=gbp+listing&utm_medium=organic,(972) 818-5293
bsimon@gracehomehealth.com,Blessy,Grace Home Health Inc,"Dallas-Fort Worth, TX",caregivers,home health agency,https://gracehomehealth.com/,(469) 326-1700
oizekor@homehealthcompanions.com,Osmond,Home Health Companions,"Dallas-Fort Worth, TX",caregivers,home health agency,https://www.homehealthcompanions.com/?utm_source=GBPlisting&utm_medium=organic,(214) 295-8213
info@carenicehhs.com,,CareNice Home Health Care Services,"Dallas-Fort Worth, TX",caregivers,home health agency,https://carenicehhs.com/,(682) 559-3417
info@performancehh.com,,Performance Home Health,"Dallas-Fort Worth, TX",caregivers,home health agency,https://www.performancehh.com/,(214) 764-7942
dgadson@amatushc.com,Dominique,Amatus Health Care,"Dallas-Fort Worth, TX",caregivers,home health agency,https://www.amatushc.com/,(972) 249-4999
mbootwala@amcarepro.com,Muffi,"Amcare Pro Home Health, Palliative & Hospice Care","Dallas-Fort Worth, TX",caregivers,home health agency,http://www.amcarepro.com/,(214) 987-2100
shiney@agapehomehealth.com,Martin,Agape Home Healthcare,"Dallas-Fort Worth, TX",caregivers,home health agency,http://www.agapehomehealth.com/,(972) 681-8420
info@dfw-caregivers.com,,DFW Caregivers,"Dallas-Fort Worth, TX",caregivers,home health agency,https://dfw-caregivers.com/,(682) 320-8110
info@integritymedhomecare.com,,Integrity Home Care Agency,"Dallas-Fort Worth, TX",caregivers,home health agency,http://integritymedhomecare.com/,(214) 551-6318
jdexter@assistinghands.com,Jennifer,"Assisting Hands Home Care - Dallas, Richardson & Surrounding Areas","Dallas-Fort Worth, TX",caregivers,home health agency,https://assistinghands.com/38/texas/prestonhollow/,(214) 760-6944
alicia.coterillo-ferguson@lhcgroup.com,Alicia,DFW Home Health,"Dallas-Fort Worth, TX",caregivers,home health agency,https://lhcgroup.com/locations/dfw-home-health-of-fort-worth/?utm_source=GMB&utm_campaign=Google_Local_Listing&utm_medium=referral&utm_content=DFW_Home_Health_Dallas_TX_75231,(817) 529-7555
rdamasco@firstlighthomecare.com,Roland,FirstLight Home Care of McKinney,"Dallas-Fort Worth, TX",caregivers,home health agency,https://www.firstlighthomecare.com/home-healthcare-mckinney/?utm_source=google&utm_medium=organic&utm_campaign=gbp,(945) 357-9025
alicia.coterillo-ferguson@lhcgroup.com,Alicia,DFW Home Health,"Dallas-Fort Worth, TX",caregivers,home health agency,https://lhcgroup.com/locations/dfw-home-health-of-denton/?utm_source=GMB&utm_campaign=Google_Local_Listing&utm_medium=referral&utm_content=DFW_Home_Health_of_Denton_Denton_TX_76201,(940) 387-4594
info@dallastexascaregivers.com,,Dallas Texas Caregivers,"Dallas-Fort Worth, TX",caregivers,home health agency,https://dallastexascaregivers.com/,(469) 430-3642
tmeilleur@tshc.com,Taylor,Team Select Home Care,"Dallas-Fort Worth, TX",caregivers,home health agency,https://tshc.com/locations/texas/in-home-healthcare-dallas-texas/,(214) 217-2626
jhudy@novelhomehealth.com,Jhudy,Novel Healthcare Services,"Dallas-Fort Worth, TX",caregivers,home health agency,https://www.novelhomehealth.com/,(972) 994-9395
rdamasco@firstlighthomecare.com,Roland,FirstLight Home Care of North Dallas,"Dallas-Fort Worth, TX",caregivers,home health agency,https://www.firstlighthomecare.com/home-healthcare-north-dallas/?utm_source=google&utm_medium=organic&utm_campaign=gbp,(469) 789-9846
little@eminenthhc.com,Little,Eminent Home Healthcare LLC,"Dallas-Fort Worth, TX",caregivers,home health agency,http://eminenthhc.com/,(214) 660-4404
rob@grannynannies.com,Rob,"Granny NANNIES of Dallas, TX","Dallas-Fort Worth, TX",caregivers,home health agency,https://grannynannies.com/Dallas?utm_source=google&utm_medium=organic&utm_campaign=gbp-dallas&utm_id=local&utm_content=dallas,(972) 544-1169
info@caringhomehealth.net,,Caring Home Health,"Dallas-Fort Worth, TX",caregivers,home health agency,http://www.caringhomehealth.net/,(972) 226-2929
karenburkholder@synergyhomecare.com,Karen,SYNERGY HomeCare,"Dallas-Fort Worth, TX",caregivers,home health agency,https://www.synergyhomecare.com/tx-dallas-75243/?utm_source=google&utm_medium=local&utm_campaign=localmaps&utm_content=4429,(469) 804-8500
krystal.alvarado@arcyhc.com,Krystal,Arcy at Home,"Dallas-Fort Worth, TX",caregivers,home health agency,https://arcyhc.com/arcy-at-home/,(214) 424-6100
kerickson@rightathome.net,Kristen,Right at Home,"Dallas-Fort Worth, TX",caregivers,home health agency,https://www.rightathome.net/north-dallas/?utm_source=google&utm_medium=local&utm_campaign=localmaps&utm_content=1102,(214) 340-9900
sthornberry@homewatchcaregivers.com,Stacey,Homewatch CareGivers of North Dallas,"Dallas-Fort Worth, TX",caregivers,home health agency,https://www.homewatchcaregivers.com/north-dallas/?utm_source=gbp&utm_medium=organic&utm_campaign=north-dallas,(972) 891-8398
wendym@ultimatehhc.com,Wendy,Ultimate Home Health Care,"Dallas-Fort Worth, TX",caregivers,home health agency,http://www.ultimatehhc.com/,(972) 240-4700
claverty@novaleaphealth.com,Cassandra,Nova Leap Home Health,"Dallas-Fort Worth, TX",caregivers,home health agency,https://novaleaphealth.com/locations/dallas,(877) 552-1915
info@txlandscapeservices.com,,Texas Landscape Services of Dallas/Fort Worth,"Dallas-Fort Worth, TX",crew members,landscaping company,https://txlandscapeservices.com/,(469) 455-9733
info@prestigelandscapedesign.com,,Prestige Landscape & Design,"Dallas-Fort Worth, TX",crew members,landscaping company,https://www.prestigelandscapedesign.com/,(469) 972-3137
toby@lonestarlandscape.com,Toby,"Lonestar Landscape DFW, LLC","Dallas-Fort Worth, TX",crew members,landscaping company,https://www.lonestarlandscape.com/,(817) 863-5609
elizabeth@splendidgardens.net,Elizabeth,Splendid Gardens Landscaping,"Dallas-Fort Worth, TX",crew members,landscaping company,https://splendidgardens.net/,(972) 898-0030
rebecca@codylandscape.com,Rebecca,Cody Landscape,"Dallas-Fort Worth, TX",crew members,landscaping company,http://www.codylandscape.com/,(817) 335-3229
cgordon@lamberts.net,Claire,Lambert Landscape Company,"Dallas-Fort Worth, TX",crew members,landscaping company,http://www.lamberts.net/,(214) 350-8350
brad.blair@southernbotanical.com,Brad,Southern Botanical Landscape & Tree Care,"Dallas-Fort Worth, TX",crew members,landscaping company,https://southernbotanical.com/,(214) 366-2103
fitzgerald@highergroundlm.com,Fitzgerald,Higher Ground Lawn Care & Landscape Lighting,"Dallas-Fort Worth, TX",crew members,landscaping company,https://highergroundlm.com/?utm_source=GMBlisting&utm_medium=organic,(214) 531-3369
support@jclandscapingllc.com,,JC's Landscaping LLC,"Dallas-Fort Worth, TX",crew members,landscaping company,https://www.jclandscapingllc.com/,(972) 571-7899
lena@siaradesigns.com,Lena,SIARA DESIGNS,"Dallas-Fort Worth, TX",crew members,landscaping company,http://www.siaradesigns.com/,(469) 666-4460
office@terraturf.com,,Terra Turf Landscape,"Dallas-Fort Worth, TX",crew members,landscaping company,https://terraturf.com/,(972) 424-8873
support@jclandscapingllc.com,,JC's Landscaping LLC,"Dallas-Fort Worth, TX",crew members,landscaping company,https://www.jclandscapingllc.com/,(972) 347-4924
ricky@completelandscapetx.com,Ricky,Complete Landscape & Design,"Dallas-Fort Worth, TX",crew members,landscaping company,https://www.completelandscapetx.com/,(972) 200-0736
charlie@cutterslandscape.com,Charlie,Cutters Landscaping,"Dallas-Fort Worth, TX",crew members,landscaping company,http://cutterslandscape.com/,(469) 398-8566
maurice@keanelandscaping.com,Maurice,Keane Landscaping,"Dallas-Fort Worth, TX",crew members,landscaping company,http://www.keanelandscaping.com/,(972) 424-4851
ismael.r@evergreenlandscapestx.com,Ismael,Evergreen Sustainable Landscapes LLC,"Dallas-Fort Worth, TX",crew members,landscaping company,http://www.evergreenlandscapestx.com/,(469) 436-6304
sales@northdallaslandscapes.com,,North Dallas Landscapes,"Dallas-Fort Worth, TX",crew members,landscaping company,https://northdallaslandscapes.com/contact-us/,(214) 275-4998
support@jclandscapingllc.com,,JC's Landscaping LLC,"Dallas-Fort Worth, TX",crew members,landscaping company,https://www.jclandscapingllc.com/,(972) 890-0297
sales@cgreens.com,,CGreens Landscape / Irrigation / Drainage,"Dallas-Fort Worth, TX",crew members,landscaping company,https://www.cgreens.com/,(972) 231-2870
rafael@earthgreenlands.com,Rafael,Earth Green Lands,"Dallas-Fort Worth, TX",crew members,landscaping company,https://earthgreenlands.com/?utm_source=google&utm_medium=google-my-business&utm_campaign=lead&utm_content=call-now&utm_term=landscaping-dallas,(214) 659-1669
tommy.burnette@aeroscapellc.com,Tommy,Aeroscape Landscaping LLC,"Dallas-Fort Worth, TX",crew members,landscaping company,http://www.aeroscapellc.com/,(972) 596-7193
matthew@marlinlandscape.com,Matthew,Marlin Landscape,"Dallas-Fort Worth, TX",crew members,landscaping company,https://www.marlinlandscape.com/,(214) 935-3960
info@startexlandscaping.com,,StarTex Landscaping & Nursery,"Dallas-Fort Worth, TX",crew members,landscaping company,https://startexlandscaping.com/,(214) 929-6657
ddevlin@scapesincorporated.com,David,Scapes Incorporated,"Dallas-Fort Worth, TX",crew members,landscaping company,https://www.scapesincorporated.com/,(972) 371-0328
info@americasgeneralcontracting.com,,America's General Contractor - Luxury Remodeling,"Dallas-Fort Worth, TX",skilled tradespeople,general contractor,https://americasgeneralcontracting.com/,(214) 218-5881
support@milusoscontracting.com,,Mil Usos General Contracting,"Dallas-Fort Worth, TX",skilled tradespeople,general contractor,https://milusoscontracting.com/,(806) 607-6700
contact@ongroupconstructions.com,,ON Group Remodeling & Construction,"Dallas-Fort Worth, TX",skilled tradespeople,general contractor,https://ongroupconstructions.com/,(469) 324-2888
info@eliteproremodeling.com,,Elite Pro Remodeling & Construction,"Dallas-Fort Worth, TX",skilled tradespeople,general contractor,https://eliteproremodeling.com/,(800) 476-7608
info@htcontractor.com,,General Contractors Frisco,"Dallas-Fort Worth, TX",skilled tradespeople,general contractor,https://htcontractor.com/,(214) 865-9768
mitchell@jntconstruct.com,Mitchell,JNT Construction,"Dallas-Fort Worth, TX",skilled tradespeople,general contractor,https://www.jntconstruct.com/,(972) 885-5053
jterrell@terrellgc.com,Jess,Terrell General Contractors,"Dallas-Fort Worth, TX",skilled tradespeople,general contractor,http://www.terrellgc.com/,(214) 865-7611
robert@eliteconstructionusa.com,Robert,ELITE Construction,"Dallas-Fort Worth, TX",skilled tradespeople,general contractor,https://eliteconstructionusa.com/,(469) 669-3902
marquedia@brgeneralcontracting.com,Marquedia,B&R General Contracting,"Dallas-Fort Worth, TX",skilled tradespeople,general contractor,http://www.brgeneralcontracting.com/,(972) 836-8455
info@ntxcg.com,,North Texas Contractors Group,"Dallas-Fort Worth, TX",skilled tradespeople,general contractor,https://www.ntxcg.com/,(469) 767-4846
monica@jmconsol.com,Monica,JM Construction Solutions,"Dallas-Fort Worth, TX",skilled tradespeople,general contractor,http://www.jmconsol.com/,(888) 438-1840
angie@gclegacyconstruction.com,Angie,GC Legacy Construction,"Dallas-Fort Worth, TX",skilled tradespeople,general contractor,http://www.gclegacyconstruction.com/,(469) 722-4252
mdickinson@mycon.com,Malynda,"MYCON General Contractors, Inc.","Dallas-Fort Worth, TX",skilled tradespeople,general contractor,http://www.mycon.com/,(972) 529-2444
office@bossgcroof.com,,Boss General Contracting,"Dallas-Fort Worth, TX",skilled tradespeople,general contractor,https://bossgcroof.com/,(469) 209-0080
info@premier-contracting.com,,Premier Contracting,"Dallas-Fort Worth, TX",skilled tradespeople,general contractor,http://www.premier-contracting.com/,(972) 317-6364
albert@mtrcontractors.com,Albert,MTR Contractors,"Dallas-Fort Worth, TX",skilled tradespeople,general contractor,https://www.mtrcontractors.com/,(972) 432-7011
mitch@dkcontracting.pro,Mitch,D & K Contracting,"Dallas-Fort Worth, TX",skilled tradespeople,general contractor,https://dkcontracting.pro/,(469) 964-3653
jrodriguez@fortconstruction.com,Jayson,Fort Construction,"Dallas-Fort Worth, TX",skilled tradespeople,general contractor,https://fortconstruction.com/,(817) 885-7979
kyle@jlcontractorsdfw.com,Kyle,JL Contractors DFW,"Dallas-Fort Worth, TX",skilled tradespeople,general contractor,https://www.jlcontractorsdfw.com/,(469) 297-3045
info@magentabuilders.com,,MAGENTA Construction & Remodeling,"Dallas-Fort Worth, TX",skilled tradespeople,general contractor,https://magentabuilders.com/,(469) 616-1110
thouser@crossland.com,Todd,"Crossland Construction Company, Inc. - Texas Division","Dallas-Fort Worth, TX",skilled tradespeople,general contractor,https://www.crossland.com/texas-division/,(972) 347-5659
jason@rpmconstruction.org,Jason,RPM Construction,"Dallas-Fort Worth, TX",skilled tradespeople,general contractor,http://www.rpmconstruction.org/,(469) 238-9381
ktiner@metroplexgc.com,Kelly,Metroplex General Contractor,"Dallas-Fort Worth, TX",skilled tradespeople,general contractor,https://www.metroplexgc.com/,(214) 239-8080
james@viscong.com,James,Visionary Construction Group,"Dallas-Fort Worth, TX",skilled tradespeople,general contractor,https://viscong.com/,(469) 825-4000
info@snd-mfg.com,,SND Manufacturing,"Dallas-Fort Worth, TX",machine operators,manufacturing company,https://snd-mfg.com/,(214) 340-1592
hgarcia@dltmanufacturing.com,Henry,DLT Manufacturing,"Dallas-Fort Worth, TX",machine operators,manufacturing company,https://www.dltmanufacturing.com/,(800) 833-3334
tfrazer@custommfgco.com,Travis,Custom Manufacturing Co,"Dallas-Fort Worth, TX",machine operators,manufacturing company,https://custommfgco.com/,(214) 428-5173
lynna@windhammfg.com,Lynna,Windham Manufacturing Company,"Dallas-Fort Worth, TX",machine operators,manufacturing company,http://windhammfg.com/,(214) 388-0511
sshowalter@dap.com,Scott,DAP Products Manufacturing Plant,"Dallas-Fort Worth, TX",machine operators,manufacturing company,http://www.dap.com/,(214) 349-9951
info@jadtis.com,,Jadtis Industries,"Dallas-Fort Worth, TX",machine operators,manufacturing company,http://www.jadtis.com/,(214) 905-9566
ashley.mancia@axman.com,Ashley,Axiom Manufacturing,"Dallas-Fort Worth, TX",machine operators,manufacturing company,https://www.axman.com/,(972) 437-3737
gmorris@mmmfg.com,Gary,M&M Manufacturing Company,"Dallas-Fort Worth, TX",machine operators,manufacturing company,http://www.mmmfg.com/,(817) 336-2311
michael.shin@trin.net,Mike,Trinity Industries Inc,"Dallas-Fort Worth, TX",machine operators,manufacturing company,http://www.trin.net/,(214) 631-4420
matt.weinmann@thermalsolutionsmfg.com,Matt,Thermal Solutions Manufacturing,"Dallas-Fort Worth, TX",machine operators,manufacturing company,https://www.thermalsolutionsmfg.com/,(800) 776-9605
s.stewart@pts-mfg.com,Scott,Paper Tubes & Sales Manufacturing,"Dallas-Fort Worth, TX",machine operators,manufacturing company,http://www.pts-mfg.com/,(800) 422-5108
kyle@republic-mfg.com,Kyle,Republic Manufacturing,"Dallas-Fort Worth, TX",machine operators,manufacturing company,https://www.republic-mfg.com/?utm_source=gbp&utm_medium=organic&utm_campaign=website-click,(214) 631-8070
jmendenhall@azahner.com,James,Zahner Dallas Manufacturing Facility,"Dallas-Fort Worth, TX",machine operators,manufacturing company,http://www.azahner.com/,(469) 348-2000
jason@regismanufacturing.com,Jason,Regis Manufacturing Co,"Dallas-Fort Worth, TX",machine operators,manufacturing company,http://regismanufacturing.com/,(800) 527-7604
peterc@hybridmanutech.com,Peter,Hybrid Manufacturing Technologies,"Dallas-Fort Worth, TX",machine operators,manufacturing company,https://hybridmanutech.com/,(214) 530-2334
sales@eamtexas.com,,Expert Apparel Manufacturing,"Dallas-Fort Worth, TX",machine operators,manufacturing company,https://eamtexas.com/,(469) 930-0321
rdavis@adcoindustries.com,Ray,Adco Industries,"Dallas-Fort Worth, TX",machine operators,manufacturing company,http://www.adcoindustries.com/,(214) 217-7800
ckissel@petmate.com,Christina,Doskocil Manufacturing Company,"Dallas-Fort Worth, TX",machine operators,manufacturing company,http://www.petmate.com/,(817) 467-5116
cembrey@shamrockprecision.com,Corbin,Shamrock Precision,"Dallas-Fort Worth, TX",machine operators,manufacturing company,http://www.shamrockprecision.com/,(972) 241-4226
sallen@e-tplastics.com,Sam,E&T Plastics,"Dallas-Fort Worth, TX",machine operators,manufacturing company,http://www.e-tplastics.com/,(214) 622-6263
tony@astmanufacturing.com,Tony,AST Manufacturing,"Dallas-Fort Worth, TX",machine operators,manufacturing company,https://www.astmanufacturing.com/,(972) 554-0383
g.annis@kerrindustries.com,Graham,Kerr Industries of Texas,"Dallas-Fort Worth, TX",machine operators,manufacturing company,http://www.kerrindustries.com/,(817) 652-3529
stephen_posey@pecandeluxe.com,Stephen,Pecan Deluxe Candy Co,"Dallas-Fort Worth, TX",machine operators,manufacturing company,http://www.pecandeluxe.com/,(214) 631-3669
dkoppmann@jaycomfg.com,Daniel,Jayco Manufacturing,"Dallas-Fort Worth, TX",machine operators,manufacturing company,http://jaycomfg.com/,(972) 623-2004
diana@apogeefoods.com,Diana,Apogee Foods,"Dallas-Fort Worth, TX",machine operators,manufacturing company,http://www.apogeefoods.com/,(469) 445-1565
sales@mockingbirdfoods.com,,Mockingbird Food Group,"Dallas-Fort Worth, TX",machine operators,manufacturing company,http://www.mockingbirdfoods.com/,(469) 526-5400
gcantu@mapei.com,Gustavo,Mapei Corporation,"Dallas-Fort Worth, TX",machine operators,manufacturing company,https://www.mapei.com/,(972) 271-9500
sales@oemindustries.com,,OEM Industries Inc.,"Dallas-Fort Worth, TX",machine operators,manufacturing company,http://www.oemindustries.com/,(214) 330-7271
amber@parkerproducts.com,Amber,Parker Products Inc,"Dallas-Fort Worth, TX",machine operators,manufacturing company,http://parkerproducts.com/,(817) 336-7441
jshurte@leviton.com,James,Leviton Manufacturing Co Inc,"Dallas-Fort Worth, TX",machine operators,manufacturing company,http://www.leviton.com/,(972) 490-1091
kevin.cole@kroger.com,Kevin,America's Beverage Company. Kroger Manufacturing,"Dallas-Fort Worth, TX",machine operators,manufacturing company,http://kroger.com/,(972) 438-7632
sales@rpfoodsinc.com,,R P Foods,"Dallas-Fort Worth, TX",machine operators,manufacturing company,https://rpfoodsinc.com/web/,(214) 637-7942
dwatts@centralstatesco.com,Doug,"Central States Manufacturing, Inc.","Dallas-Fort Worth, TX",machine operators,manufacturing company,https://centralstatesco.com/,(800) 210-8305
sales@reycomp.com,,REYcomp INC,"Dallas-Fort Worth, TX",machine operators,manufacturing company,http://www.reycomp.com/,(972) 606-4600
dfischer@newcombspring.com,Dakota,Newcomb Spring of Texas,"Dallas-Fort Worth, TX",machine operators,manufacturing company,http://www.newcombspring.com/,(972) 241-6781
g.annis@kerrindustries.com,Graham,Kerr Industries of Texas,"Dallas-Fort Worth, TX",machine operators,manufacturing company,http://www.kerrindustries.com/,(817) 652-3529
sales@metaltechcompany.com,,Metal Tech,"Dallas-Fort Worth, TX",machine operators,manufacturing company,http://www.metaltechcompany.com/,(214) 253-2332
carlos@signsmanufacturing.com,Carlos,Signs Manufacturing & Maintenance Corp.,"Dallas-Fort Worth, TX",machine operators,manufacturing company,https://signsmanufacturing.com/,(214) 339-2227
jkalmbach@surleanfoods.com,John,Surlean Foods,"Dallas-Fort Worth, TX",machine operators,manufacturing company,http://www.surleanfoods.com/,(214) 545-3475
ilongi@atkore.com,Imad,Atkore,"Dallas-Fort Worth, TX",machine operators,manufacturing company,https://www.atkore.com/,(469) 590-4955
ozden.bozatli@gea.com,Ozden,GEA,"Dallas-Fort Worth, TX",machine operators,manufacturing company,https://www.gea.com/en/index.jsp,(214) 618-1100
amartinez@portplastics.com,Adrian,Port Plastics Inc,"Dallas-Fort Worth, TX",machine operators,manufacturing company,http://www.portplastics.com/,(817) 834-7678
dewey@therapypartnerspt.com,Dewey,Therapy Partners of North Texas,"Dallas-Fort Worth, TX",PT staff,physical therapy clinic,https://therapypartnerspt.com/location/therapy-partners-of-north-texas-west-frisco/,(214) 436-4606
lanajohnson@h2health.com,Lana,North Texas Physical Therapy,"Dallas-Fort Worth, TX",PT staff,physical therapy clinic,https://www.h2health.com/locations/north-texas-physical-therapy/north-texas/,(972) 480-9455
dewey@therapypartnerspt.com,Dewey,Therapy Partners of North Texas,"Dallas-Fort Worth, TX",PT staff,physical therapy clinic,https://therapypartnerspt.com/location/therapy-partners-of-north-texas-mckinney-south/,(469) 793-7166
faisalrahim@texashealth.org,Faisal,Texas Health Finley Ewing Cardiovascular and Fitness Center - Outpatient Physical Therapy,"Dallas-Fort Worth, TX",PT staff,physical therapy clinic,https://www.texashealth.org/Locations/Texas-Health-Dallas/Texas-Health-Rehabilitation-Center-Cardiovascular-and-Fitness-Center,(214) 345-4367
faisalrahim@texashealth.org,Faisal,Texas Health Prosper - Physical Therapy and Rehabilitation Services,"Dallas-Fort Worth, TX",PT staff,physical therapy clinic,https://www.texashealth.org/Locations/texas-health-prosper/Texas-Health-Rehabilitation-Center,(469) 329-7900
dewey@therapypartnerspt.com,Dewey,Therapy Partners of North Texas,"Dallas-Fort Worth, TX",PT staff,physical therapy clinic,https://therapypartnerspt.com/location/therapy-partners-of-north-texas-prosper/,(214) 227-7224
faisalrahim@texashealth.org,Faisal,Texas Health Dallas - Physical Therapy and Outpatient Rehabilitation,"Dallas-Fort Worth, TX",PT staff,physical therapy clinic,https://www.texashealth.org/Locations/Texas-Health-Dallas/Texas-Health-Rehabilitation-Center,(214) 345-7680
cduru@gtc-pt.com,Crystal,"DRMC Outpatient Physical Therapy powered by Greater Therapy Centers - Dallas, TX","Dallas-Fort Worth, TX",PT staff,physical therapy clinic,https://gtc-pt.com/locations/dallas/?utm_source=gmb,(972) 662-1700
cduru@gtc-pt.com,Crystal,"Greater Therapy Centers in Prosper, TX","Dallas-Fort Worth, TX",PT staff,physical therapy clinic,https://gtc-pt.com/locations/prosper/?utm_source=gmb,(469) 296-3411
avasconcellos@prnpt.com,Alyson,"Vista Physical Therapy - Dallas, Central","Dallas-Fort Worth, TX",PT staff,physical therapy clinic,https://www.prnpt.com/locations/394/vista-physical-therapy-dallas-central/dallas/location-details#appointment?utm_source=google&utm_medium=local&utm_campaign=GMB,(469) 706-3760
dewey@therapypartnerspt.com,Dewey,Therapy Partners of North Texas,"Dallas-Fort Worth, TX",PT staff,physical therapy clinic,https://therapypartnerspt.com/location/therapy-partners-of-north-texas-frisco/,(972) 712-9693
cduru@gtc-pt.com,Crystal,"Greater Therapy Centers - Frisco, TX","Dallas-Fort Worth, TX",PT staff,physical therapy clinic,https://gtc-pt.com/locations/frisco/?utm_source=gmb,(214) 619-5401
dewey@therapypartnerspt.com,Dewey,Therapy Partners of North Texas,"Dallas-Fort Worth, TX",PT staff,physical therapy clinic,https://therapypartnerspt.com/location/therapy-partners-of-north-texas-plano/,(214) 432-5862
bwallace@posmc.com,Blake,Frisco Therapy Center,"Dallas-Fort Worth, TX",PT staff,physical therapy clinic,https://www.posmc.com/physical-therapy/,(972) 250-5777
alex.green@bswhealth.com,Alex,Baylor Scott & White Sports Therapy & Research at The Star,"Dallas-Fort Worth, TX",PT staff,physical therapy clinic,https://www.bswhealth.com/star?utm_content=main-website&utm_source=pg-google&utm_medium=organic&utm_campaign=29985-9717838,(844) 279-3627
dewey@therapypartnerspt.com,Dewey,Therapy Partners of North Texas,"Dallas-Fort Worth, TX",PT staff,physical therapy clinic,https://therapypartnerspt.com/location/therapy-partners-of-north-texas-flower-mound/,(972) 691-1331
milagros.vazquez@resultspt.com,Milagros,"Results Physiotherapy Dallas, Texas - North Dallas","Dallas-Fort Worth, TX",PT staff,physical therapy clinic,https://www.resultspt.com/dallas-texas-north?utm_source=google&utm_medium=organic&utm_campaign=gmb,(469) 778-7655
pete@ipa.physio,Pete,IPA Physio Dallas,"Dallas-Fort Worth, TX",PT staff,physical therapy clinic,https://ipa.physio/,(469) 782-9978
cduru@gtc-pt.com,Crystal,"DRMC Outpatient Physical Therapy powered by Greater Therapy Centers - Plano, TX","Dallas-Fort Worth, TX",PT staff,physical therapy clinic,https://gtc-pt.com/locations/plano/?utm_source=gmb,(972) 781-2322
shannon.drake@ptsolutions.com,Shannon,PT Solutions of Frisco West (Texas Health),"Dallas-Fort Worth, TX",PT staff,physical therapy clinic,https://ptsolutions.com/find-a-clinic/tx/frisco/frisco-west/?utm_source=google&utm_medium=organic&utm_campaign=GMB-PT-Solutions-Frisco-West&utm_content=listing,(214) 705-3132
srose@txorthopaedic.com,Sarah,Texas Orthopaedic Associates Physical Therapy,"Dallas-Fort Worth, TX",PT staff,physical therapy clinic,https://www.txorthopaedic.com/location/toa-physical-therapy-dallas/,(214) 239-0993
milagros.vazquez@resultspt.com,Milagros,"Results Physiotherapy Dallas, Texas - Highland Park","Dallas-Fort Worth, TX",PT staff,physical therapy clinic,https://www.resultspt.com/highland-park-texas?utm_source=google&utm_medium=organic&utm_campaign=gmb,(214) 556-5108
shannon.drake@ptsolutions.com,Shannon,PT Solutions of Preston Hollow (Texas Health),"Dallas-Fort Worth, TX",PT staff,physical therapy clinic,https://ptsolutions.com/find-a-clinic/tx/dallas/preston-hollow/?utm_source=google&utm_medium=organic&utm_campaign=GMB-PT-Solutions-Preston-Hollow&utm_content=listing,(214) 251-8754
avasconcellos@prnpt.com,Alyson,"Vista Physical Therapy - Dallas, Preston Hollow","Dallas-Fort Worth, TX",PT staff,physical therapy clinic,https://www.prnpt.com/locations/188/vista-physical-therapy-dallas-preston-hollow/dallas/location-details?utm_source=google&utm_medium=local&utm_campaign=GMB,(214) 265-7200
dewey@therapypartnerspt.com,Dewey,Therapy Partners of North Texas,"Dallas-Fort Worth, TX",PT staff,physical therapy clinic,https://therapypartnerspt.com/location/therapy-partners-of-north-texas-mckinney/,(469) 634-4905
info@therarehabandwellness.com,,TheraRehab and Wellness,"Dallas-Fort Worth, TX",PT staff,physical therapy clinic,https://therarehabandwellness.com/,(469) 902-9948
faisalrahim@texashealth.org,Faisal,Texas Health Fort Worth - Physical Therapy and Rehabilitation Services,"Dallas-Fort Worth, TX",PT staff,physical therapy clinic,https://www.texashealth.org/Locations/texas-health-fort-worth/Texas-Health-Rehabilitation-Center,(817) 250-2760
castrom@advancesportstherapy.com,Misael,Advance Sports Therapy,"Dallas-Fort Worth, TX",PT staff,physical therapy clinic,https://advancesportstherapy.com/prosper-sports-therapy,(630) 708-8778
avasconcellos@prnpt.com,Alyson,"Vista Physical Therapy - Dallas, Katy Trail","Dallas-Fort Worth, TX",PT staff,physical therapy clinic,https://www.prnpt.com/locations/185/vista-physical-therapy-dallas-katy-trail/dallas/location-details?utm_source=google&utm_medium=local&utm_campaign=GMB,(214) 346-9105
info@elitealliancept.com,,Elite Alliance Physical Therapy,"Dallas-Fort Worth, TX",PT staff,physical therapy clinic,https://www.elitealliancept.com/,(469) 248-6960
erin.norberg@athletico.com,Erin,Athletico Physical Therapy - Frisco (Teel & Eldorado),"Dallas-Fort Worth, TX",PT staff,physical therapy clinic,https://www.athletico.com/locations/frisco-teel-eldorado/?utm_source=google-friscoteeleldorado&utm_medium=web&utm_campaign=google-listings,(469) 305-4147
info@texasstarrehab.com,,Texas Star Rehab and Performance Center,"Dallas-Fort Worth, TX",PT staff,physical therapy clinic,https://texasstarrehab.com/physical-therapy-clinic/frisco-tx/,(469) 447-5819
info@copept.com,,COPE PT- Center Of Pelvic Excellence Physical Therapy And Wellness - Mckinney,"Dallas-Fort Worth, TX",PT staff,physical therapy clinic,http://www.copept.com/?utm_source=google&utm_medium=wix_google_business_profile&utm_campaign=7126146785908556858,(817) 381-5177
dewey@therapypartnerspt.com,Dewey,Therapy Partners of North Texas - Allen,"Dallas-Fort Worth, TX",PT staff,physical therapy clinic,https://therapypartnerspt.com/location/therapy-partners-of-north-texas-allen/,(972) 325-1390
team@dallaspt.com,,Dallas Physical Therapy,"Dallas-Fort Worth, TX",PT staff,physical therapy clinic,https://www.dallaspt.com/,(972) 200-3681
kpayette@starorthopedics.com,Kelly,Star Sports Therapy and Rehab - Frisco,"Dallas-Fort Worth, TX",PT staff,physical therapy clinic,http://www.starorthopedics.com/,(469) 598-2760
shannon.drake@ptsolutions.com,Shannon,PT Solutions of Plano (Texas Health),"Dallas-Fort Worth, TX",PT staff,physical therapy clinic,https://ptsolutions.com/find-a-clinic/tx/plano/plano/?utm_source=google&utm_medium=organic&utm_campaign=GMB-PT-Solutions-Plano&utm_content=listing,(972) 805-2355
